workerID,gender,age,income,language,order,food,totalQuant,personA,personB,eatenQuant,probability
1,M,35,8,English,1,cookies,10,Bob,David,0,0.0
1,M,35,8,English,1,cookies,10,Bob,David,1,0.740740740741
1,M,35,8,English,1,cookies,10,Bob,David,2,0.259259259259
1,M,35,8,English,1,cookies,10,Bob,David,3,0.0
1,M,35,8,English,1,cookies,10,Bob,David,4,0.0
1,M,35,8,English,1,cookies,10,Bob,David,5,0.0
1,M,35,8,English,1,cookies,10,Bob,David,6,0.0
1,M,35,8,English,1,cookies,10,Bob,David,7,0.0
1,M,35,8,English,1,cookies,10,Bob,David,8,0.0
1,M,35,8,English,1,cookies,10,Bob,David,9,0.0
1,M,35,8,English,1,cookies,10,Bob,David,10,0.0
1,M,35,8,English,2,pies,10,Fiona,Emma,0,0.333333333333
1,M,35,8,English,2,pies,10,Fiona,Emma,1,0.666666666667
1,M,35,8,English,2,pies,10,Fiona,Emma,2,0.0
1,M,35,8,English,2,pies,10,Fiona,Emma,3,0.0
1,M,35,8,English,2,pies,10,Fiona,Emma,4,0.0
1,M,35,8,English,2,pies,10,Fiona,Emma,5,0.0
1,M,35,8,English,2,pies,10,Fiona,Emma,6,0.0
1,M,35,8,English,2,pies,10,Fiona,Emma,7,0.0
1,M,35,8,English,2,pies,10,Fiona,Emma,8,0.0
1,M,35,8,English,2,pies,10,Fiona,Emma,9,0.0
1,M,35,8,English,2,pies,10,Fiona,Emma,10,0.0
1,M,35,8,English,3,M&M's,10,Albert,Calvin,0,0.0
1,M,35,8,English,3,M&M's,10,Albert,Calvin,1,0.754716981132
1,M,35,8,English,3,M&M's,10,Albert,Calvin,2,0.150943396226
1,M,35,8,English,3,M&M's,10,Albert,Calvin,3,0.0943396226415
1,M,35,8,English,3,M&M's,10,Albert,Calvin,4,0.0
1,M,35,8,English,3,M&M's,10,Albert,Calvin,5,0.0
1,M,35,8,English,3,M&M's,10,Albert,Calvin,6,0.0
1,M,35,8,English,3,M&M's,10,Albert,Calvin,7,0.0
1,M,35,8,English,3,M&M's,10,Albert,Calvin,8,0.0
1,M,35,8,English,3,M&M's,10,Albert,Calvin,9,0.0
1,M,35,8,English,3,M&M's,10,Albert,Calvin,10,0.0
2,F,45,0,english,1,cookies,10,Cathy,Barbara,0,0.031746031746
2,F,45,0,english,1,cookies,10,Cathy,Barbara,1,0.555555555556
2,F,45,0,english,1,cookies,10,Cathy,Barbara,2,0.031746031746
2,F,45,0,english,1,cookies,10,Cathy,Barbara,3,0.031746031746
2,F,45,0,english,1,cookies,10,Cathy,Barbara,4,0.031746031746
2,F,45,0,english,1,cookies,10,Cathy,Barbara,5,0.031746031746
2,F,45,0,english,1,cookies,10,Cathy,Barbara,6,0.047619047619
2,F,45,0,english,1,cookies,10,Cathy,Barbara,7,0.047619047619
2,F,45,0,english,1,cookies,10,Cathy,Barbara,8,0.0634920634921
2,F,45,0,english,1,cookies,10,Cathy,Barbara,9,0.0634920634921
2,F,45,0,english,1,cookies,10,Cathy,Barbara,10,0.0634920634921
2,F,45,0,english,2,pies,10,David,Ann,0,0.0
2,F,45,0,english,2,pies,10,David,Ann,1,0.0
2,F,45,0,english,2,pies,10,David,Ann,2,0.0
2,F,45,0,english,2,pies,10,David,Ann,3,0.0
2,F,45,0,english,2,pies,10,David,Ann,4,0.0
2,F,45,0,english,2,pies,10,David,Ann,5,0.0
2,F,45,0,english,2,pies,10,David,Ann,6,0.2
2,F,45,0,english,2,pies,10,David,Ann,7,0.2
2,F,45,0,english,2,pies,10,David,Ann,8,0.2
2,F,45,0,english,2,pies,10,David,Ann,9,0.2
2,F,45,0,english,2,pies,10,David,Ann,10,0.2
2,F,45,0,english,3,M&M's,10,Calvin,Emma,0,0.0294117647059
2,F,45,0,english,3,M&M's,10,Calvin,Emma,1,0.0294117647059
2,F,45,0,english,3,M&M's,10,Calvin,Emma,2,0.0
2,F,45,0,english,3,M&M's,10,Calvin,Emma,3,0.911764705882
2,F,45,0,english,3,M&M's,10,Calvin,Emma,4,0.0
2,F,45,0,english,3,M&M's,10,Calvin,Emma,5,0.0
2,F,45,0,english,3,M&M's,10,Calvin,Emma,6,0.0
2,F,45,0,english,3,M&M's,10,Calvin,Emma,7,0.0
2,F,45,0,english,3,M&M's,10,Calvin,Emma,8,0.0
2,F,45,0,english,3,M&M's,10,Calvin,Emma,9,0.0294117647059
2,F,45,0,english,3,M&M's,10,Calvin,Emma,10,0.0
3,F,45,4,English,1,pies,10,David,Fiona,0,0.64406779661
3,F,45,4,English,1,pies,10,David,Fiona,1,0.35593220339
3,F,45,4,English,1,pies,10,David,Fiona,2,0.0
3,F,45,4,English,1,pies,10,David,Fiona,3,0.0
3,F,45,4,English,1,pies,10,David,Fiona,4,0.0
3,F,45,4,English,1,pies,10,David,Fiona,5,0.0
3,F,45,4,English,1,pies,10,David,Fiona,6,0.0
3,F,45,4,English,1,pies,10,David,Fiona,7,0.0
3,F,45,4,English,1,pies,10,David,Fiona,8,0.0
3,F,45,4,English,1,pies,10,David,Fiona,9,0.0
3,F,45,4,English,1,pies,10,David,Fiona,10,0.0
3,F,45,4,English,2,M&M's,10,Diana,Barbara,0,0.103626943005
3,F,45,4,English,2,M&M's,10,Diana,Barbara,1,0.103626943005
3,F,45,4,English,2,M&M's,10,Diana,Barbara,2,0.103626943005
3,F,45,4,English,2,M&M's,10,Diana,Barbara,3,0.103626943005
3,F,45,4,English,2,M&M's,10,Diana,Barbara,4,0.103626943005
3,F,45,4,English,2,M&M's,10,Diana,Barbara,5,0.103626943005
3,F,45,4,English,2,M&M's,10,Diana,Barbara,6,0.103626943005
3,F,45,4,English,2,M&M's,10,Diana,Barbara,7,0.103626943005
3,F,45,4,English,2,M&M's,10,Diana,Barbara,8,0.0621761658031
3,F,45,4,English,2,M&M's,10,Diana,Barbara,9,0.0569948186528
3,F,45,4,English,2,M&M's,10,Diana,Barbara,10,0.0518134715026
3,F,45,4,English,3,cookies,10,Cathy,Albert,0,0.143884892086
3,F,45,4,English,3,cookies,10,Cathy,Albert,1,0.143884892086
3,F,45,4,English,3,cookies,10,Cathy,Albert,2,0.143884892086
3,F,45,4,English,3,cookies,10,Cathy,Albert,3,0.143884892086
3,F,45,4,English,3,cookies,10,Cathy,Albert,4,0.0971223021583
3,F,45,4,English,3,cookies,10,Cathy,Albert,5,0.0719424460432
3,F,45,4,English,3,cookies,10,Cathy,Albert,6,0.0719424460432
3,F,45,4,English,3,cookies,10,Cathy,Albert,7,0.0503597122302
3,F,45,4,English,3,cookies,10,Cathy,Albert,8,0.0467625899281
3,F,45,4,English,3,cookies,10,Cathy,Albert,9,0.0431654676259
3,F,45,4,English,3,cookies,10,Cathy,Albert,10,0.0431654676259
4,F,25,4,Engish,1,cookies,10,Albert,Fiona,0,0.483870967742
4,F,25,4,Engish,1,cookies,10,Albert,Fiona,1,0.41935483871
4,F,25,4,Engish,1,cookies,10,Albert,Fiona,2,0.0967741935484
4,F,25,4,Engish,1,cookies,10,Albert,Fiona,3,0.0
4,F,25,4,Engish,1,cookies,10,Albert,Fiona,4,0.0
4,F,25,4,Engish,1,cookies,10,Albert,Fiona,5,0.0
4,F,25,4,Engish,1,cookies,10,Albert,Fiona,6,0.0
4,F,25,4,Engish,1,cookies,10,Albert,Fiona,7,0.0
4,F,25,4,Engish,1,cookies,10,Albert,Fiona,8,0.0
4,F,25,4,Engish,1,cookies,10,Albert,Fiona,9,0.0
4,F,25,4,Engish,1,cookies,10,Albert,Fiona,10,0.0
4,F,25,4,Engish,2,pies,10,Barbara,David,0,0.731707317073
4,F,25,4,Engish,2,pies,10,Barbara,David,1,0.268292682927
4,F,25,4,Engish,2,pies,10,Barbara,David,2,0.0
4,F,25,4,Engish,2,pies,10,Barbara,David,3,0.0
4,F,25,4,Engish,2,pies,10,Barbara,David,4,0.0
4,F,25,4,Engish,2,pies,10,Barbara,David,5,0.0
4,F,25,4,Engish,2,pies,10,Barbara,David,6,0.0
4,F,25,4,Engish,2,pies,10,Barbara,David,7,0.0
4,F,25,4,Engish,2,pies,10,Barbara,David,8,0.0
4,F,25,4,Engish,2,pies,10,Barbara,David,9,0.0
4,F,25,4,Engish,2,pies,10,Barbara,David,10,0.0
4,F,25,4,Engish,3,M&M's,10,Bob,Edward,0,0.0915492957746
4,F,25,4,Engish,3,M&M's,10,Bob,Edward,1,0.0868544600939
4,F,25,4,Engish,3,M&M's,10,Bob,Edward,2,0.0892018779343
4,F,25,4,Engish,3,M&M's,10,Bob,Edward,3,0.0892018779343
4,F,25,4,Engish,3,M&M's,10,Bob,Edward,4,0.0915492957746
4,F,25,4,Engish,3,M&M's,10,Bob,Edward,5,0.0915492957746
4,F,25,4,Engish,3,M&M's,10,Bob,Edward,6,0.0915492957746
4,F,25,4,Engish,3,M&M's,10,Bob,Edward,7,0.0915492957746
4,F,25,4,Engish,3,M&M's,10,Bob,Edward,8,0.093896713615
4,F,25,4,Engish,3,M&M's,10,Bob,Edward,9,0.0915492957746
4,F,25,4,Engish,3,M&M's,10,Bob,Edward,10,0.0915492957746
5,M,66,4,English,1,cookies,10,Ann,Cathy,0,0.0181818181818
5,M,66,4,English,1,cookies,10,Ann,Cathy,1,0.709090909091
5,M,66,4,English,1,cookies,10,Ann,Cathy,2,0.0363636363636
5,M,66,4,English,1,cookies,10,Ann,Cathy,3,0.0181818181818
5,M,66,4,English,1,cookies,10,Ann,Cathy,4,0.0181818181818
5,M,66,4,English,1,cookies,10,Ann,Cathy,5,0.0363636363636
5,M,66,4,English,1,cookies,10,Ann,Cathy,6,0.0545454545455
5,M,66,4,English,1,cookies,10,Ann,Cathy,7,0.0363636363636
5,M,66,4,English,1,cookies,10,Ann,Cathy,8,0.0363636363636
5,M,66,4,English,1,cookies,10,Ann,Cathy,9,0.0181818181818
5,M,66,4,English,1,cookies,10,Ann,Cathy,10,0.0181818181818
5,M,66,4,English,2,pies,10,Frank,Barbara,0,0.0204081632653
5,M,66,4,English,2,pies,10,Frank,Barbara,1,0.816326530612
5,M,66,4,English,2,pies,10,Frank,Barbara,2,0.0204081632653
5,M,66,4,English,2,pies,10,Frank,Barbara,3,0.0204081632653
5,M,66,4,English,2,pies,10,Frank,Barbara,4,0.0204081632653
5,M,66,4,English,2,pies,10,Frank,Barbara,5,0.0204081632653
5,M,66,4,English,2,pies,10,Frank,Barbara,6,0.0204081632653
5,M,66,4,English,2,pies,10,Frank,Barbara,7,0.0
5,M,66,4,English,2,pies,10,Frank,Barbara,8,0.0204081632653
5,M,66,4,English,2,pies,10,Frank,Barbara,9,0.0204081632653
5,M,66,4,English,2,pies,10,Frank,Barbara,10,0.0204081632653
5,M,66,4,English,3,M&M's,10,Albert,Edward,0,0.0147058823529
5,M,66,4,English,3,M&M's,10,Albert,Edward,1,0.558823529412
5,M,66,4,English,3,M&M's,10,Albert,Edward,2,0.294117647059
5,M,66,4,English,3,M&M's,10,Albert,Edward,3,0.0294117647059
5,M,66,4,English,3,M&M's,10,Albert,Edward,4,0.0294117647059
5,M,66,4,English,3,M&M's,10,Albert,Edward,5,0.0147058823529
5,M,66,4,English,3,M&M's,10,Albert,Edward,6,0.0147058823529
5,M,66,4,English,3,M&M's,10,Albert,Edward,7,0.0
5,M,66,4,English,3,M&M's,10,Albert,Edward,8,0.0147058823529
5,M,66,4,English,3,M&M's,10,Albert,Edward,9,0.0147058823529
5,M,66,4,English,3,M&M's,10,Albert,Edward,10,0.0147058823529
6,F,35,4,English,1,pies,10,Calvin,Barbara,0,0.0
6,F,35,4,English,1,pies,10,Calvin,Barbara,1,0.5
6,F,35,4,English,1,pies,10,Calvin,Barbara,2,0.5
6,F,35,4,English,1,pies,10,Calvin,Barbara,3,0.0
6,F,35,4,English,1,pies,10,Calvin,Barbara,4,0.0
6,F,35,4,English,1,pies,10,Calvin,Barbara,5,0.0
6,F,35,4,English,1,pies,10,Calvin,Barbara,6,0.0
6,F,35,4,English,1,pies,10,Calvin,Barbara,7,0.0
6,F,35,4,English,1,pies,10,Calvin,Barbara,8,0.0
6,F,35,4,English,1,pies,10,Calvin,Barbara,9,0.0
6,F,35,4,English,1,pies,10,Calvin,Barbara,10,0.0
6,F,35,4,English,2,M&M's,10,Fiona,Frank,0,0.0498812351544
6,F,35,4,English,2,M&M's,10,Fiona,Frank,1,0.0950118764846
6,F,35,4,English,2,M&M's,10,Fiona,Frank,2,0.0950118764846
6,F,35,4,English,2,M&M's,10,Fiona,Frank,3,0.0950118764846
6,F,35,4,English,2,M&M's,10,Fiona,Frank,4,0.0950118764846
6,F,35,4,English,2,M&M's,10,Fiona,Frank,5,0.0950118764846
6,F,35,4,English,2,M&M's,10,Fiona,Frank,6,0.0950118764846
6,F,35,4,English,2,M&M's,10,Fiona,Frank,7,0.0950118764846
6,F,35,4,English,2,M&M's,10,Fiona,Frank,8,0.0950118764846
6,F,35,4,English,2,M&M's,10,Fiona,Frank,9,0.0950118764846
6,F,35,4,English,2,M&M's,10,Fiona,Frank,10,0.0950118764846
6,F,35,4,English,3,cookies,10,Edward,Diana,0,0.0
6,F,35,4,English,3,cookies,10,Edward,Diana,1,0.333333333333
6,F,35,4,English,3,cookies,10,Edward,Diana,2,0.333333333333
6,F,35,4,English,3,cookies,10,Edward,Diana,3,0.333333333333
6,F,35,4,English,3,cookies,10,Edward,Diana,4,0.0
6,F,35,4,English,3,cookies,10,Edward,Diana,5,0.0
6,F,35,4,English,3,cookies,10,Edward,Diana,6,0.0
6,F,35,4,English,3,cookies,10,Edward,Diana,7,0.0
6,F,35,4,English,3,cookies,10,Edward,Diana,8,0.0
6,F,35,4,English,3,cookies,10,Edward,Diana,9,0.0
6,F,35,4,English,3,cookies,10,Edward,Diana,10,0.0
7,F,35,4,English,1,cookies,10,Edward,Albert,0,0.192307692308
7,F,35,4,English,1,cookies,10,Edward,Albert,1,0.168269230769
7,F,35,4,English,1,cookies,10,Edward,Albert,2,0.144230769231
7,F,35,4,English,1,cookies,10,Edward,Albert,3,0.120192307692
7,F,35,4,English,1,cookies,10,Edward,Albert,4,0.0961538461538
7,F,35,4,English,1,cookies,10,Edward,Albert,5,0.0817307692308
7,F,35,4,English,1,cookies,10,Edward,Albert,6,0.0673076923077
7,F,35,4,English,1,cookies,10,Edward,Albert,7,0.0576923076923
7,F,35,4,English,1,cookies,10,Edward,Albert,8,0.0432692307692
7,F,35,4,English,1,cookies,10,Edward,Albert,9,0.0288461538462
7,F,35,4,English,1,cookies,10,Edward,Albert,10,0.0
7,F,35,4,English,2,pies,10,Bob,Cathy,0,0.182242990654
7,F,35,4,English,2,pies,10,Bob,Cathy,1,0.163551401869
7,F,35,4,English,2,pies,10,Bob,Cathy,2,0.144859813084
7,F,35,4,English,2,pies,10,Bob,Cathy,3,0.121495327103
7,F,35,4,English,2,pies,10,Bob,Cathy,4,0.088785046729
7,F,35,4,English,2,pies,10,Bob,Cathy,5,0.0747663551402
7,F,35,4,English,2,pies,10,Bob,Cathy,6,0.0700934579439
7,F,35,4,English,2,pies,10,Bob,Cathy,7,0.0514018691589
7,F,35,4,English,2,pies,10,Bob,Cathy,8,0.0420560747664
7,F,35,4,English,2,pies,10,Bob,Cathy,9,0.0327102803738
7,F,35,4,English,2,pies,10,Bob,Cathy,10,0.0280373831776
7,F,35,4,English,3,M&M's,10,Diana,Ann,0,0.194594594595
7,F,35,4,English,3,M&M's,10,Diana,Ann,1,0.194594594595
7,F,35,4,English,3,M&M's,10,Diana,Ann,2,0.189189189189
7,F,35,4,English,3,M&M's,10,Diana,Ann,3,0.167567567568
7,F,35,4,English,3,M&M's,10,Diana,Ann,4,0.135135135135
7,F,35,4,English,3,M&M's,10,Diana,Ann,5,0.0540540540541
7,F,35,4,English,3,M&M's,10,Diana,Ann,6,0.027027027027
7,F,35,4,English,3,M&M's,10,Diana,Ann,7,0.0162162162162
7,F,35,4,English,3,M&M's,10,Diana,Ann,8,0.0108108108108
7,F,35,4,English,3,M&M's,10,Diana,Ann,9,0.0108108108108
7,F,35,4,English,3,M&M's,10,Diana,Ann,10,0.0
8,F,17,8,English,1,cookies,10,Barbara,Frank,0,0.0
8,F,17,8,English,1,cookies,10,Barbara,Frank,1,0.311926605505
8,F,17,8,English,1,cookies,10,Barbara,Frank,2,0.348623853211
8,F,17,8,English,1,cookies,10,Barbara,Frank,3,0.146788990826
8,F,17,8,English,1,cookies,10,Barbara,Frank,4,0.119266055046
8,F,17,8,English,1,cookies,10,Barbara,Frank,5,0.0642201834862
8,F,17,8,English,1,cookies,10,Barbara,Frank,6,0.0
8,F,17,8,English,1,cookies,10,Barbara,Frank,7,0.0
8,F,17,8,English,1,cookies,10,Barbara,Frank,8,0.0
8,F,17,8,English,1,cookies,10,Barbara,Frank,9,0.0
8,F,17,8,English,1,cookies,10,Barbara,Frank,10,0.00917431192661
8,F,17,8,English,2,pies,10,David,Fiona,0,0.795454545455
8,F,17,8,English,2,pies,10,David,Fiona,1,0.204545454545
8,F,17,8,English,2,pies,10,David,Fiona,2,0.0
8,F,17,8,English,2,pies,10,David,Fiona,3,0.0
8,F,17,8,English,2,pies,10,David,Fiona,4,0.0
8,F,17,8,English,2,pies,10,David,Fiona,5,0.0
8,F,17,8,English,2,pies,10,David,Fiona,6,0.0
8,F,17,8,English,2,pies,10,David,Fiona,7,0.0
8,F,17,8,English,2,pies,10,David,Fiona,8,0.0
8,F,17,8,English,2,pies,10,David,Fiona,9,0.0
8,F,17,8,English,2,pies,10,David,Fiona,10,0.0
8,F,17,8,English,3,M&M's,10,Emma,Albert,0,0.263157894737
8,F,17,8,English,3,M&M's,10,Emma,Albert,1,0.25
8,F,17,8,English,3,M&M's,10,Emma,Albert,2,0.243421052632
8,F,17,8,English,3,M&M's,10,Emma,Albert,3,0.243421052632
8,F,17,8,English,3,M&M's,10,Emma,Albert,4,0.0
8,F,17,8,English,3,M&M's,10,Emma,Albert,5,0.0
8,F,17,8,English,3,M&M's,10,Emma,Albert,6,0.0
8,F,17,8,English,3,M&M's,10,Emma,Albert,7,0.0
8,F,17,8,English,3,M&M's,10,Emma,Albert,8,0.0
8,F,17,8,English,3,M&M's,10,Emma,Albert,9,0.0
8,F,17,8,English,3,M&M's,10,Emma,Albert,10,0.0
9,M,25,4,ENGLISH,1,cookies,10,Edward,Fiona,0,0.0909090909091
9,M,25,4,ENGLISH,1,cookies,10,Edward,Fiona,1,0.0909090909091
9,M,25,4,ENGLISH,1,cookies,10,Edward,Fiona,2,0.0909090909091
9,M,25,4,ENGLISH,1,cookies,10,Edward,Fiona,3,0.0909090909091
9,M,25,4,ENGLISH,1,cookies,10,Edward,Fiona,4,0.0909090909091
9,M,25,4,ENGLISH,1,cookies,10,Edward,Fiona,5,0.0909090909091
9,M,25,4,ENGLISH,1,cookies,10,Edward,Fiona,6,0.0909090909091
9,M,25,4,ENGLISH,1,cookies,10,Edward,Fiona,7,0.0909090909091
9,M,25,4,ENGLISH,1,cookies,10,Edward,Fiona,8,0.0909090909091
9,M,25,4,ENGLISH,1,cookies,10,Edward,Fiona,9,0.0909090909091
9,M,25,4,ENGLISH,1,cookies,10,Edward,Fiona,10,0.0909090909091
9,M,25,4,ENGLISH,2,pies,10,Diana,Cathy,0,0.0909090909091
9,M,25,4,ENGLISH,2,pies,10,Diana,Cathy,1,0.0909090909091
9,M,25,4,ENGLISH,2,pies,10,Diana,Cathy,2,0.0909090909091
9,M,25,4,ENGLISH,2,pies,10,Diana,Cathy,3,0.0909090909091
9,M,25,4,ENGLISH,2,pies,10,Diana,Cathy,4,0.0909090909091
9,M,25,4,ENGLISH,2,pies,10,Diana,Cathy,5,0.0909090909091
9,M,25,4,ENGLISH,2,pies,10,Diana,Cathy,6,0.0909090909091
9,M,25,4,ENGLISH,2,pies,10,Diana,Cathy,7,0.0909090909091
9,M,25,4,ENGLISH,2,pies,10,Diana,Cathy,8,0.0909090909091
9,M,25,4,ENGLISH,2,pies,10,Diana,Cathy,9,0.0909090909091
9,M,25,4,ENGLISH,2,pies,10,Diana,Cathy,10,0.0909090909091
9,M,25,4,ENGLISH,3,M&M's,10,David,Calvin,0,0.0909090909091
9,M,25,4,ENGLISH,3,M&M's,10,David,Calvin,1,0.0909090909091
9,M,25,4,ENGLISH,3,M&M's,10,David,Calvin,2,0.0909090909091
9,M,25,4,ENGLISH,3,M&M's,10,David,Calvin,3,0.0909090909091
9,M,25,4,ENGLISH,3,M&M's,10,David,Calvin,4,0.0909090909091
9,M,25,4,ENGLISH,3,M&M's,10,David,Calvin,5,0.0909090909091
9,M,25,4,ENGLISH,3,M&M's,10,David,Calvin,6,0.0909090909091
9,M,25,4,ENGLISH,3,M&M's,10,David,Calvin,7,0.0909090909091
9,M,25,4,ENGLISH,3,M&M's,10,David,Calvin,8,0.0909090909091
9,M,25,4,ENGLISH,3,M&M's,10,David,Calvin,9,0.0909090909091
9,M,25,4,ENGLISH,3,M&M's,10,David,Calvin,10,0.0909090909091
10,F,25,4,English,1,pies,10,Edward,Calvin,0,0.0361990950226
10,F,25,4,English,1,pies,10,Edward,Calvin,1,0.149321266968
10,F,25,4,English,1,pies,10,Edward,Calvin,2,0.135746606335
10,F,25,4,English,1,pies,10,Edward,Calvin,3,0.135746606335
10,F,25,4,English,1,pies,10,Edward,Calvin,4,0.122171945701
10,F,25,4,English,1,pies,10,Edward,Calvin,5,0.108597285068
10,F,25,4,English,1,pies,10,Edward,Calvin,6,0.10407239819
10,F,25,4,English,1,pies,10,Edward,Calvin,7,0.0814479638009
10,F,25,4,English,1,pies,10,Edward,Calvin,8,0.0452488687783
10,F,25,4,English,1,pies,10,Edward,Calvin,9,0.0497737556561
10,F,25,4,English,1,pies,10,Edward,Calvin,10,0.0316742081448
10,F,25,4,English,2,M&M's,10,Diana,Emma,0,0.152173913043
10,F,25,4,English,2,M&M's,10,Diana,Emma,1,0.139130434783
10,F,25,4,English,2,M&M's,10,Diana,Emma,2,0.139130434783
10,F,25,4,English,2,M&M's,10,Diana,Emma,3,0.130434782609
10,F,25,4,English,2,M&M's,10,Diana,Emma,4,0.113043478261
10,F,25,4,English,2,M&M's,10,Diana,Emma,5,0.104347826087
10,F,25,4,English,2,M&M's,10,Diana,Emma,6,0.0695652173913
10,F,25,4,English,2,M&M's,10,Diana,Emma,7,0.0565217391304
10,F,25,4,English,2,M&M's,10,Diana,Emma,8,0.0434782608696
10,F,25,4,English,2,M&M's,10,Diana,Emma,9,0.0304347826087
10,F,25,4,English,2,M&M's,10,Diana,Emma,10,0.0217391304348
10,F,25,4,English,3,cookies,10,David,Cathy,0,0.0380952380952
10,F,25,4,English,3,cookies,10,David,Cathy,1,0.157142857143
10,F,25,4,English,3,cookies,10,David,Cathy,2,0.142857142857
10,F,25,4,English,3,cookies,10,David,Cathy,3,0.133333333333
10,F,25,4,English,3,cookies,10,David,Cathy,4,0.12380952381
10,F,25,4,English,3,cookies,10,David,Cathy,5,0.119047619048
10,F,25,4,English,3,cookies,10,David,Cathy,6,0.0952380952381
10,F,25,4,English,3,cookies,10,David,Cathy,7,0.0714285714286
10,F,25,4,English,3,cookies,10,David,Cathy,8,0.047619047619
10,F,25,4,English,3,cookies,10,David,Cathy,9,0.0428571428571
10,F,25,4,English,3,cookies,10,David,Cathy,10,0.0285714285714
11,M,25,4,english,1,cookies,10,Cathy,Barbara,0,0.0144927536232
11,M,25,4,english,1,cookies,10,Cathy,Barbara,1,0.550724637681
11,M,25,4,english,1,cookies,10,Cathy,Barbara,2,0.304347826087
11,M,25,4,english,1,cookies,10,Cathy,Barbara,3,0.0144927536232
11,M,25,4,english,1,cookies,10,Cathy,Barbara,4,0.0144927536232
11,M,25,4,english,1,cookies,10,Cathy,Barbara,5,0.0144927536232
11,M,25,4,english,1,cookies,10,Cathy,Barbara,6,0.0144927536232
11,M,25,4,english,1,cookies,10,Cathy,Barbara,7,0.0144927536232
11,M,25,4,english,1,cookies,10,Cathy,Barbara,8,0.0144927536232
11,M,25,4,english,1,cookies,10,Cathy,Barbara,9,0.0144927536232
11,M,25,4,english,1,cookies,10,Cathy,Barbara,10,0.0289855072464
11,M,25,4,english,2,pies,10,Calvin,Fiona,0,0.105263157895
11,M,25,4,english,2,pies,10,Calvin,Fiona,1,0.271929824561
11,M,25,4,english,2,pies,10,Calvin,Fiona,2,0.228070175439
11,M,25,4,english,2,pies,10,Calvin,Fiona,3,0.201754385965
11,M,25,4,english,2,pies,10,Calvin,Fiona,4,0.0526315789474
11,M,25,4,english,2,pies,10,Calvin,Fiona,5,0.0526315789474
11,M,25,4,english,2,pies,10,Calvin,Fiona,6,0.0263157894737
11,M,25,4,english,2,pies,10,Calvin,Fiona,7,0.0175438596491
11,M,25,4,english,2,pies,10,Calvin,Fiona,8,0.00877192982456
11,M,25,4,english,2,pies,10,Calvin,Fiona,9,0.0175438596491
11,M,25,4,english,2,pies,10,Calvin,Fiona,10,0.0175438596491
11,M,25,4,english,3,M&M's,10,Diana,Ann,0,0.0
11,M,25,4,english,3,M&M's,10,Diana,Ann,1,0.325581395349
11,M,25,4,english,3,M&M's,10,Diana,Ann,2,0.290697674419
11,M,25,4,english,3,M&M's,10,Diana,Ann,3,0.313953488372
11,M,25,4,english,3,M&M's,10,Diana,Ann,4,0.0
11,M,25,4,english,3,M&M's,10,Diana,Ann,5,0.0116279069767
11,M,25,4,english,3,M&M's,10,Diana,Ann,6,0.0116279069767
11,M,25,4,english,3,M&M's,10,Diana,Ann,7,0.0116279069767
11,M,25,4,english,3,M&M's,10,Diana,Ann,8,0.0116279069767
11,M,25,4,english,3,M&M's,10,Diana,Ann,9,0.0116279069767
11,M,25,4,english,3,M&M's,10,Diana,Ann,10,0.0116279069767
12,F,65,10,English,1,pies,10,Frank,Fiona,0,0.0
12,F,65,10,English,1,pies,10,Frank,Fiona,1,0.916666666667
12,F,65,10,English,1,pies,10,Frank,Fiona,2,0.0
12,F,65,10,English,1,pies,10,Frank,Fiona,3,0.0
12,F,65,10,English,1,pies,10,Frank,Fiona,4,0.0
12,F,65,10,English,1,pies,10,Frank,Fiona,5,0.0
12,F,65,10,English,1,pies,10,Frank,Fiona,6,0.0
12,F,65,10,English,1,pies,10,Frank,Fiona,7,0.0
12,F,65,10,English,1,pies,10,Frank,Fiona,8,0.0833333333333
12,F,65,10,English,1,pies,10,Frank,Fiona,9,0.0
12,F,65,10,English,1,pies,10,Frank,Fiona,10,0.0
12,F,65,10,English,2,M&M's,10,David,Bob,0,0.0478468899522
12,F,65,10,English,2,M&M's,10,David,Bob,1,0.0956937799043
12,F,65,10,English,2,M&M's,10,David,Bob,2,0.0956937799043
12,F,65,10,English,2,M&M's,10,David,Bob,3,0.0956937799043
12,F,65,10,English,2,M&M's,10,David,Bob,4,0.0956937799043
12,F,65,10,English,2,M&M's,10,David,Bob,5,0.0956937799043
12,F,65,10,English,2,M&M's,10,David,Bob,6,0.0956937799043
12,F,65,10,English,2,M&M's,10,David,Bob,7,0.0956937799043
12,F,65,10,English,2,M&M's,10,David,Bob,8,0.0933014354067
12,F,65,10,English,2,M&M's,10,David,Bob,9,0.0933014354067
12,F,65,10,English,2,M&M's,10,David,Bob,10,0.0956937799043
12,F,65,10,English,3,cookies,10,Calvin,Emma,0,0.208333333333
12,F,65,10,English,3,cookies,10,Calvin,Emma,1,0.28125
12,F,65,10,English,3,cookies,10,Calvin,Emma,2,0.28125
12,F,65,10,English,3,cookies,10,Calvin,Emma,3,0.104166666667
12,F,65,10,English,3,cookies,10,Calvin,Emma,4,0.104166666667
12,F,65,10,English,3,cookies,10,Calvin,Emma,5,0.0
12,F,65,10,English,3,cookies,10,Calvin,Emma,6,0.0104166666667
12,F,65,10,English,3,cookies,10,Calvin,Emma,7,0.0104166666667
12,F,65,10,English,3,cookies,10,Calvin,Emma,8,0.0
12,F,65,10,English,3,cookies,10,Calvin,Emma,9,0.0
12,F,65,10,English,3,cookies,10,Calvin,Emma,10,0.0
13,M,35,6,english,1,cookies,10,Frank,Emma,0,0.0300751879699
13,M,35,6,english,1,cookies,10,Frank,Emma,1,0.203007518797
13,M,35,6,english,1,cookies,10,Frank,Emma,2,0.248120300752
13,M,35,6,english,1,cookies,10,Frank,Emma,3,0.172932330827
13,M,35,6,english,1,cookies,10,Frank,Emma,4,0.112781954887
13,M,35,6,english,1,cookies,10,Frank,Emma,5,0.0751879699248
13,M,35,6,english,1,cookies,10,Frank,Emma,6,0.0375939849624
13,M,35,6,english,1,cookies,10,Frank,Emma,7,0.0300751879699
13,M,35,6,english,1,cookies,10,Frank,Emma,8,0.0300751879699
13,M,35,6,english,1,cookies,10,Frank,Emma,9,0.0300751879699
13,M,35,6,english,1,cookies,10,Frank,Emma,10,0.0300751879699
13,M,35,6,english,2,pies,10,Barbara,Ann,0,0.0708661417323
13,M,35,6,english,2,pies,10,Barbara,Ann,1,0.212598425197
13,M,35,6,english,2,pies,10,Barbara,Ann,2,0.251968503937
13,M,35,6,english,2,pies,10,Barbara,Ann,3,0.212598425197
13,M,35,6,english,2,pies,10,Barbara,Ann,4,0.102362204724
13,M,35,6,english,2,pies,10,Barbara,Ann,5,0.0629921259843
13,M,35,6,english,2,pies,10,Barbara,Ann,6,0.0314960629921
13,M,35,6,english,2,pies,10,Barbara,Ann,7,0.0157480314961
13,M,35,6,english,2,pies,10,Barbara,Ann,8,0.0157480314961
13,M,35,6,english,2,pies,10,Barbara,Ann,9,0.0157480314961
13,M,35,6,english,2,pies,10,Barbara,Ann,10,0.00787401574803
13,M,35,6,english,3,M&M's,10,Calvin,David,0,0.0838323353293
13,M,35,6,english,3,M&M's,10,Calvin,David,1,0.149700598802
13,M,35,6,english,3,M&M's,10,Calvin,David,2,0.185628742515
13,M,35,6,english,3,M&M's,10,Calvin,David,3,0.197604790419
13,M,35,6,english,3,M&M's,10,Calvin,David,4,0.149700598802
13,M,35,6,english,3,M&M's,10,Calvin,David,5,0.101796407186
13,M,35,6,english,3,M&M's,10,Calvin,David,6,0.0718562874251
13,M,35,6,english,3,M&M's,10,Calvin,David,7,0.0299401197605
13,M,35,6,english,3,M&M's,10,Calvin,David,8,0.0119760479042
13,M,35,6,english,3,M&M's,10,Calvin,David,9,0.0119760479042
13,M,35,6,english,3,M&M's,10,Calvin,David,10,0.0059880239521
14,F,35,4,English,1,cookies,10,Emma,Barbara,0,0.0026525198939
14,F,35,4,English,1,cookies,10,Emma,Barbara,1,0.106100795756
14,F,35,4,English,1,cookies,10,Emma,Barbara,2,0.103448275862
14,F,35,4,English,1,cookies,10,Emma,Barbara,3,0.103448275862
14,F,35,4,English,1,cookies,10,Emma,Barbara,4,0.0981432360743
14,F,35,4,English,1,cookies,10,Emma,Barbara,5,0.0981432360743
14,F,35,4,English,1,cookies,10,Emma,Barbara,6,0.0981432360743
14,F,35,4,English,1,cookies,10,Emma,Barbara,7,0.0981432360743
14,F,35,4,English,1,cookies,10,Emma,Barbara,8,0.0954907161804
14,F,35,4,English,1,cookies,10,Emma,Barbara,9,0.0981432360743
14,F,35,4,English,1,cookies,10,Emma,Barbara,10,0.0981432360743
14,F,35,4,English,2,pies,10,Fiona,Diana,0,0.14598540146
14,F,35,4,English,2,pies,10,Fiona,Diana,1,0.277372262774
14,F,35,4,English,2,pies,10,Fiona,Diana,2,0.14598540146
14,F,35,4,English,2,pies,10,Fiona,Diana,3,0.14598540146
14,F,35,4,English,2,pies,10,Fiona,Diana,4,0.204379562044
14,F,35,4,English,2,pies,10,Fiona,Diana,5,0.021897810219
14,F,35,4,English,2,pies,10,Fiona,Diana,6,0.014598540146
14,F,35,4,English,2,pies,10,Fiona,Diana,7,0.014598540146
14,F,35,4,English,2,pies,10,Fiona,Diana,8,0.014598540146
14,F,35,4,English,2,pies,10,Fiona,Diana,9,0.014598540146
14,F,35,4,English,2,pies,10,Fiona,Diana,10,0.0
14,F,35,4,English,3,M&M's,10,Bob,Cathy,0,0.202127659574
14,F,35,4,English,3,M&M's,10,Bob,Cathy,1,0.202127659574
14,F,35,4,English,3,M&M's,10,Bob,Cathy,2,0.202127659574
14,F,35,4,English,3,M&M's,10,Bob,Cathy,3,0.106382978723
14,F,35,4,English,3,M&M's,10,Bob,Cathy,4,0.106382978723
14,F,35,4,English,3,M&M's,10,Bob,Cathy,5,0.106382978723
14,F,35,4,English,3,M&M's,10,Bob,Cathy,6,0.0265957446809
14,F,35,4,English,3,M&M's,10,Bob,Cathy,7,0.0212765957447
14,F,35,4,English,3,M&M's,10,Bob,Cathy,8,0.0106382978723
14,F,35,4,English,3,M&M's,10,Bob,Cathy,9,0.0
14,F,35,4,English,3,M&M's,10,Bob,Cathy,10,0.0159574468085
15,M,25,4,English,1,pies,10,Cathy,Calvin,0,0.378048780488
15,M,25,4,English,1,pies,10,Cathy,Calvin,1,0.40243902439
15,M,25,4,English,1,pies,10,Cathy,Calvin,2,0.0975609756098
15,M,25,4,English,1,pies,10,Cathy,Calvin,3,0.0731707317073
15,M,25,4,English,1,pies,10,Cathy,Calvin,4,0.0487804878049
15,M,25,4,English,1,pies,10,Cathy,Calvin,5,0.0
15,M,25,4,English,1,pies,10,Cathy,Calvin,6,0.0
15,M,25,4,English,1,pies,10,Cathy,Calvin,7,0.0
15,M,25,4,English,1,pies,10,Cathy,Calvin,8,0.0
15,M,25,4,English,1,pies,10,Cathy,Calvin,9,0.0
15,M,25,4,English,1,pies,10,Cathy,Calvin,10,0.0
15,M,25,4,English,2,M&M's,10,Diana,Emma,0,0.112676056338
15,M,25,4,English,2,M&M's,10,Diana,Emma,1,0.119718309859
15,M,25,4,English,2,M&M's,10,Diana,Emma,2,0.116197183099
15,M,25,4,English,2,M&M's,10,Diana,Emma,3,0.116197183099
15,M,25,4,English,2,M&M's,10,Diana,Emma,4,0.116197183099
15,M,25,4,English,2,M&M's,10,Diana,Emma,5,0.116197183099
15,M,25,4,English,2,M&M's,10,Diana,Emma,6,0.116197183099
15,M,25,4,English,2,M&M's,10,Diana,Emma,7,0.0704225352113
15,M,25,4,English,2,M&M's,10,Diana,Emma,8,0.0457746478873
15,M,25,4,English,2,M&M's,10,Diana,Emma,9,0.0457746478873
15,M,25,4,English,2,M&M's,10,Diana,Emma,10,0.0246478873239
15,M,25,4,English,3,cookies,10,Frank,Albert,0,0.159340659341
15,M,25,4,English,3,cookies,10,Frank,Albert,1,0.181318681319
15,M,25,4,English,3,cookies,10,Frank,Albert,2,0.164835164835
15,M,25,4,English,3,cookies,10,Frank,Albert,3,0.131868131868
15,M,25,4,English,3,cookies,10,Frank,Albert,4,0.10989010989
15,M,25,4,English,3,cookies,10,Frank,Albert,5,0.10989010989
15,M,25,4,English,3,cookies,10,Frank,Albert,6,0.0659340659341
15,M,25,4,English,3,cookies,10,Frank,Albert,7,0.043956043956
15,M,25,4,English,3,cookies,10,Frank,Albert,8,0.021978021978
15,M,25,4,English,3,cookies,10,Frank,Albert,9,0.010989010989
15,M,25,4,English,3,cookies,10,Frank,Albert,10,0.0
16,F,35,4,english,1,cookies,10,Albert,Bob,0,0.132450331126
16,F,35,4,english,1,cookies,10,Albert,Bob,1,0.158940397351
16,F,35,4,english,1,cookies,10,Albert,Bob,2,0.158940397351
16,F,35,4,english,1,cookies,10,Albert,Bob,3,0.139072847682
16,F,35,4,english,1,cookies,10,Albert,Bob,4,0.112582781457
16,F,35,4,english,1,cookies,10,Albert,Bob,5,0.0860927152318
16,F,35,4,english,1,cookies,10,Albert,Bob,6,0.0728476821192
16,F,35,4,english,1,cookies,10,Albert,Bob,7,0.0529801324503
16,F,35,4,english,1,cookies,10,Albert,Bob,8,0.0397350993377
16,F,35,4,english,1,cookies,10,Albert,Bob,9,0.0264900662252
16,F,35,4,english,1,cookies,10,Albert,Bob,10,0.0198675496689
16,F,35,4,english,2,pies,10,Diana,David,0,0.714285714286
16,F,35,4,english,2,pies,10,Diana,David,1,0.285714285714
16,F,35,4,english,2,pies,10,Diana,David,2,0.0
16,F,35,4,english,2,pies,10,Diana,David,3,0.0
16,F,35,4,english,2,pies,10,Diana,David,4,0.0
16,F,35,4,english,2,pies,10,Diana,David,5,0.0
16,F,35,4,english,2,pies,10,Diana,David,6,0.0
16,F,35,4,english,2,pies,10,Diana,David,7,0.0
16,F,35,4,english,2,pies,10,Diana,David,8,0.0
16,F,35,4,english,2,pies,10,Diana,David,9,0.0
16,F,35,4,english,2,pies,10,Diana,David,10,0.0
16,F,35,4,english,3,M&M's,10,Ann,Fiona,0,0.147928994083
16,F,35,4,english,3,M&M's,10,Ann,Fiona,1,0.0177514792899
16,F,35,4,english,3,M&M's,10,Ann,Fiona,2,0.0414201183432
16,F,35,4,english,3,M&M's,10,Ann,Fiona,3,0.0710059171598
16,F,35,4,english,3,M&M's,10,Ann,Fiona,4,0.0887573964497
16,F,35,4,english,3,M&M's,10,Ann,Fiona,5,0.10650887574
16,F,35,4,english,3,M&M's,10,Ann,Fiona,6,0.12426035503
16,F,35,4,english,3,M&M's,10,Ann,Fiona,7,0.136094674556
16,F,35,4,english,3,M&M's,10,Ann,Fiona,8,0.112426035503
16,F,35,4,english,3,M&M's,10,Ann,Fiona,9,0.0887573964497
16,F,35,4,english,3,M&M's,10,Ann,Fiona,10,0.0650887573964
17,F,35,6,english,1,pies,10,Albert,Barbara,0,0.41935483871
17,F,35,6,english,1,pies,10,Albert,Barbara,1,0.365591397849
17,F,35,6,english,1,pies,10,Albert,Barbara,2,0.150537634409
17,F,35,6,english,1,pies,10,Albert,Barbara,3,0.0430107526882
17,F,35,6,english,1,pies,10,Albert,Barbara,4,0.0
17,F,35,6,english,1,pies,10,Albert,Barbara,5,0.0
17,F,35,6,english,1,pies,10,Albert,Barbara,6,0.010752688172
17,F,35,6,english,1,pies,10,Albert,Barbara,7,0.0
17,F,35,6,english,1,pies,10,Albert,Barbara,8,0.010752688172
17,F,35,6,english,1,pies,10,Albert,Barbara,9,0.0
17,F,35,6,english,1,pies,10,Albert,Barbara,10,0.0
17,F,35,6,english,2,M&M's,10,Ann,Diana,0,0.0809523809524
17,F,35,6,english,2,M&M's,10,Ann,Diana,1,0.0904761904762
17,F,35,6,english,2,M&M's,10,Ann,Diana,2,0.0904761904762
17,F,35,6,english,2,M&M's,10,Ann,Diana,3,0.0952380952381
17,F,35,6,english,2,M&M's,10,Ann,Diana,4,0.0880952380952
17,F,35,6,english,2,M&M's,10,Ann,Diana,5,0.0904761904762
17,F,35,6,english,2,M&M's,10,Ann,Diana,6,0.0952380952381
17,F,35,6,english,2,M&M's,10,Ann,Diana,7,0.0904761904762
17,F,35,6,english,2,M&M's,10,Ann,Diana,8,0.0928571428571
17,F,35,6,english,2,M&M's,10,Ann,Diana,9,0.0928571428571
17,F,35,6,english,2,M&M's,10,Ann,Diana,10,0.0928571428571
17,F,35,6,english,3,cookies,10,Bob,Calvin,0,0.0721153846154
17,F,35,6,english,3,cookies,10,Bob,Calvin,1,0.129807692308
17,F,35,6,english,3,cookies,10,Bob,Calvin,2,0.173076923077
17,F,35,6,english,3,cookies,10,Bob,Calvin,3,0.177884615385
17,F,35,6,english,3,cookies,10,Bob,Calvin,4,0.163461538462
17,F,35,6,english,3,cookies,10,Bob,Calvin,5,0.110576923077
17,F,35,6,english,3,cookies,10,Bob,Calvin,6,0.0625
17,F,35,6,english,3,cookies,10,Bob,Calvin,7,0.0432692307692
17,F,35,6,english,3,cookies,10,Bob,Calvin,8,0.0336538461538
17,F,35,6,english,3,cookies,10,Bob,Calvin,9,0.0192307692308
17,F,35,6,english,3,cookies,10,Bob,Calvin,10,0.0144230769231
18,F,35,6,English,1,cookies,10,Calvin,Albert,0,0.152173913043
18,F,35,6,English,1,cookies,10,Calvin,Albert,1,0.157608695652
18,F,35,6,English,1,cookies,10,Calvin,Albert,2,0.157608695652
18,F,35,6,English,1,cookies,10,Calvin,Albert,3,0.157608695652
18,F,35,6,English,1,cookies,10,Calvin,Albert,4,0.157608695652
18,F,35,6,English,1,cookies,10,Calvin,Albert,5,0.0923913043478
18,F,35,6,English,1,cookies,10,Calvin,Albert,6,0.0760869565217
18,F,35,6,English,1,cookies,10,Calvin,Albert,7,0.0271739130435
18,F,35,6,English,1,cookies,10,Calvin,Albert,8,0.0108695652174
18,F,35,6,English,1,cookies,10,Calvin,Albert,9,0.0054347826087
18,F,35,6,English,1,cookies,10,Calvin,Albert,10,0.0054347826087
18,F,35,6,English,2,pies,10,Emma,Barbara,0,0.217391304348
18,F,35,6,English,2,pies,10,Emma,Barbara,1,0.315217391304
18,F,35,6,English,2,pies,10,Emma,Barbara,2,0.239130434783
18,F,35,6,English,2,pies,10,Emma,Barbara,3,0.184782608696
18,F,35,6,English,2,pies,10,Emma,Barbara,4,0.0108695652174
18,F,35,6,English,2,pies,10,Emma,Barbara,5,0.0108695652174
18,F,35,6,English,2,pies,10,Emma,Barbara,6,0.0108695652174
18,F,35,6,English,2,pies,10,Emma,Barbara,7,0.0
18,F,35,6,English,2,pies,10,Emma,Barbara,8,0.0108695652174
18,F,35,6,English,2,pies,10,Emma,Barbara,9,0.0
18,F,35,6,English,2,pies,10,Emma,Barbara,10,0.0
18,F,35,6,English,3,M&M's,10,Frank,Diana,0,0.0837988826816
18,F,35,6,English,3,M&M's,10,Frank,Diana,1,0.0754189944134
18,F,35,6,English,3,M&M's,10,Frank,Diana,2,0.0921787709497
18,F,35,6,English,3,M&M's,10,Frank,Diana,3,0.0810055865922
18,F,35,6,English,3,M&M's,10,Frank,Diana,4,0.0977653631285
18,F,35,6,English,3,M&M's,10,Frank,Diana,5,0.0949720670391
18,F,35,6,English,3,M&M's,10,Frank,Diana,6,0.0977653631285
18,F,35,6,English,3,M&M's,10,Frank,Diana,7,0.0977653631285
18,F,35,6,English,3,M&M's,10,Frank,Diana,8,0.0949720670391
18,F,35,6,English,3,M&M's,10,Frank,Diana,9,0.0921787709497
18,F,35,6,English,3,M&M's,10,Frank,Diana,10,0.0921787709497
19,M,25,0,English,1,cookies,10,Bob,Fiona,0,0.2
19,M,25,0,English,1,cookies,10,Bob,Fiona,1,0.2
19,M,25,0,English,1,cookies,10,Bob,Fiona,2,0.2
19,M,25,0,English,1,cookies,10,Bob,Fiona,3,0.2
19,M,25,0,English,1,cookies,10,Bob,Fiona,4,0.2
19,M,25,0,English,1,cookies,10,Bob,Fiona,5,0.0
19,M,25,0,English,1,cookies,10,Bob,Fiona,6,0.0
19,M,25,0,English,1,cookies,10,Bob,Fiona,7,0.0
19,M,25,0,English,1,cookies,10,Bob,Fiona,8,0.0
19,M,25,0,English,1,cookies,10,Bob,Fiona,9,0.0
19,M,25,0,English,1,cookies,10,Bob,Fiona,10,0.0
19,M,25,0,English,2,pies,10,Ann,Emma,0,0.5
19,M,25,0,English,2,pies,10,Ann,Emma,1,0.5
19,M,25,0,English,2,pies,10,Ann,Emma,2,0.0
19,M,25,0,English,2,pies,10,Ann,Emma,3,0.0
19,M,25,0,English,2,pies,10,Ann,Emma,4,0.0
19,M,25,0,English,2,pies,10,Ann,Emma,5,0.0
19,M,25,0,English,2,pies,10,Ann,Emma,6,0.0
19,M,25,0,English,2,pies,10,Ann,Emma,7,0.0
19,M,25,0,English,2,pies,10,Ann,Emma,8,0.0
19,M,25,0,English,2,pies,10,Ann,Emma,9,0.0
19,M,25,0,English,2,pies,10,Ann,Emma,10,0.0
19,M,25,0,English,3,M&M's,10,Frank,Diana,0,0.142857142857
19,M,25,0,English,3,M&M's,10,Frank,Diana,1,0.142857142857
19,M,25,0,English,3,M&M's,10,Frank,Diana,2,0.142857142857
19,M,25,0,English,3,M&M's,10,Frank,Diana,3,0.142857142857
19,M,25,0,English,3,M&M's,10,Frank,Diana,4,0.142857142857
19,M,25,0,English,3,M&M's,10,Frank,Diana,5,0.142857142857
19,M,25,0,English,3,M&M's,10,Frank,Diana,6,0.142857142857
19,M,25,0,English,3,M&M's,10,Frank,Diana,7,0.0
19,M,25,0,English,3,M&M's,10,Frank,Diana,8,0.0
19,M,25,0,English,3,M&M's,10,Frank,Diana,9,0.0
19,M,25,0,English,3,M&M's,10,Frank,Diana,10,0.0
20,M,35,6,english,1,cookies,10,Calvin,Diana,0,0.156424581006
20,M,35,6,english,1,cookies,10,Calvin,Diana,1,0.167597765363
20,M,35,6,english,1,cookies,10,Calvin,Diana,2,0.167597765363
20,M,35,6,english,1,cookies,10,Calvin,Diana,3,0.167597765363
20,M,35,6,english,1,cookies,10,Calvin,Diana,4,0.162011173184
20,M,35,6,english,1,cookies,10,Calvin,Diana,5,0.072625698324
20,M,35,6,english,1,cookies,10,Calvin,Diana,6,0.0279329608939
20,M,35,6,english,1,cookies,10,Calvin,Diana,7,0.0167597765363
20,M,35,6,english,1,cookies,10,Calvin,Diana,8,0.0167597765363
20,M,35,6,english,1,cookies,10,Calvin,Diana,9,0.0223463687151
20,M,35,6,english,1,cookies,10,Calvin,Diana,10,0.0223463687151
20,M,35,6,english,2,pies,10,Cathy,Bob,0,0.297619047619
20,M,35,6,english,2,pies,10,Cathy,Bob,1,0.321428571429
20,M,35,6,english,2,pies,10,Cathy,Bob,2,0.166666666667
20,M,35,6,english,2,pies,10,Cathy,Bob,3,0.0714285714286
20,M,35,6,english,2,pies,10,Cathy,Bob,4,0.0714285714286
20,M,35,6,english,2,pies,10,Cathy,Bob,5,0.0119047619048
20,M,35,6,english,2,pies,10,Cathy,Bob,6,0.0119047619048
20,M,35,6,english,2,pies,10,Cathy,Bob,7,0.0119047619048
20,M,35,6,english,2,pies,10,Cathy,Bob,8,0.0119047619048
20,M,35,6,english,2,pies,10,Cathy,Bob,9,0.0119047619048
20,M,35,6,english,2,pies,10,Cathy,Bob,10,0.0119047619048
20,M,35,6,english,3,M&M's,10,Fiona,Albert,0,0.0958083832335
20,M,35,6,english,3,M&M's,10,Fiona,Albert,1,0.0928143712575
20,M,35,6,english,3,M&M's,10,Fiona,Albert,2,0.0928143712575
20,M,35,6,english,3,M&M's,10,Fiona,Albert,3,0.0898203592814
20,M,35,6,english,3,M&M's,10,Fiona,Albert,4,0.0928143712575
20,M,35,6,english,3,M&M's,10,Fiona,Albert,5,0.0898203592814
20,M,35,6,english,3,M&M's,10,Fiona,Albert,6,0.0898203592814
20,M,35,6,english,3,M&M's,10,Fiona,Albert,7,0.0868263473054
20,M,35,6,english,3,M&M's,10,Fiona,Albert,8,0.0838323353293
20,M,35,6,english,3,M&M's,10,Fiona,Albert,9,0.0898203592814
20,M,35,6,english,3,M&M's,10,Fiona,Albert,10,0.0958083832335
