workerID,gender,age,income,language,order,food,totalQuant,quantifier,personA,personB,eatenQuant,probability
1,M,25,8,english,1,cookies,10,some,Ann,Edward,0,0.0
1,M,25,8,english,1,cookies,10,some,Ann,Edward,1,0.121212121212
1,M,25,8,english,1,cookies,10,some,Ann,Edward,2,0.132575757576
1,M,25,8,english,1,cookies,10,some,Ann,Edward,3,0.132575757576
1,M,25,8,english,1,cookies,10,some,Ann,Edward,4,0.143939393939
1,M,25,8,english,1,cookies,10,some,Ann,Edward,5,0.136363636364
1,M,25,8,english,1,cookies,10,some,Ann,Edward,6,0.117424242424
1,M,25,8,english,1,cookies,10,some,Ann,Edward,7,0.0871212121212
1,M,25,8,english,1,cookies,10,some,Ann,Edward,8,0.0833333333333
1,M,25,8,english,1,cookies,10,some,Ann,Edward,9,0.0416666666667
1,M,25,8,english,1,cookies,10,some,Ann,Edward,10,0.00378787878788
1,M,25,8,english,2,pies,10,some,Barbara,Bob,0,0.00398406374502
1,M,25,8,english,2,pies,10,some,Barbara,Bob,1,0.0756972111554
1,M,25,8,english,2,pies,10,some,Barbara,Bob,2,0.143426294821
1,M,25,8,english,2,pies,10,some,Barbara,Bob,3,0.155378486056
1,M,25,8,english,2,pies,10,some,Barbara,Bob,4,0.143426294821
1,M,25,8,english,2,pies,10,some,Barbara,Bob,5,0.139442231076
1,M,25,8,english,2,pies,10,some,Barbara,Bob,6,0.123505976096
1,M,25,8,english,2,pies,10,some,Barbara,Bob,7,0.0996015936255
1,M,25,8,english,2,pies,10,some,Barbara,Bob,8,0.0677290836653
1,M,25,8,english,2,pies,10,some,Barbara,Bob,9,0.0438247011952
1,M,25,8,english,2,pies,10,some,Barbara,Bob,10,0.00398406374502
1,M,25,8,english,3,M&M's,10,some,Diana,Fiona,0,0.0
1,M,25,8,english,3,M&M's,10,some,Diana,Fiona,1,0.0719424460432
1,M,25,8,english,3,M&M's,10,some,Diana,Fiona,2,0.10071942446
1,M,25,8,english,3,M&M's,10,some,Diana,Fiona,3,0.136690647482
1,M,25,8,english,3,M&M's,10,some,Diana,Fiona,4,0.13309352518
1,M,25,8,english,3,M&M's,10,some,Diana,Fiona,5,0.13309352518
1,M,25,8,english,3,M&M's,10,some,Diana,Fiona,6,0.122302158273
1,M,25,8,english,3,M&M's,10,some,Diana,Fiona,7,0.115107913669
1,M,25,8,english,3,M&M's,10,some,Diana,Fiona,8,0.104316546763
1,M,25,8,english,3,M&M's,10,some,Diana,Fiona,9,0.0791366906475
1,M,25,8,english,3,M&M's,10,some,Diana,Fiona,10,0.00359712230216
2,M,35,11,English,1,cookies,10,all,Albert,Bob,0,0.0
2,M,35,11,English,1,cookies,10,all,Albert,Bob,1,0.0
2,M,35,11,English,1,cookies,10,all,Albert,Bob,2,0.0
2,M,35,11,English,1,cookies,10,all,Albert,Bob,3,0.134615384615
2,M,35,11,English,1,cookies,10,all,Albert,Bob,4,0.138461538462
2,M,35,11,English,1,cookies,10,all,Albert,Bob,5,0.134615384615
2,M,35,11,English,1,cookies,10,all,Albert,Bob,6,0.130769230769
2,M,35,11,English,1,cookies,10,all,Albert,Bob,7,0.123076923077
2,M,35,11,English,1,cookies,10,all,Albert,Bob,8,0.119230769231
2,M,35,11,English,1,cookies,10,all,Albert,Bob,9,0.115384615385
2,M,35,11,English,1,cookies,10,all,Albert,Bob,10,0.103846153846
2,M,35,11,English,2,pies,10,some,Diana,Fiona,0,0.645161290323
2,M,35,11,English,2,pies,10,some,Diana,Fiona,1,0.322580645161
2,M,35,11,English,2,pies,10,some,Diana,Fiona,2,0.0322580645161
2,M,35,11,English,2,pies,10,some,Diana,Fiona,3,0.0
2,M,35,11,English,2,pies,10,some,Diana,Fiona,4,0.0
2,M,35,11,English,2,pies,10,some,Diana,Fiona,5,0.0
2,M,35,11,English,2,pies,10,some,Diana,Fiona,6,0.0
2,M,35,11,English,2,pies,10,some,Diana,Fiona,7,0.0
2,M,35,11,English,2,pies,10,some,Diana,Fiona,8,0.0
2,M,35,11,English,2,pies,10,some,Diana,Fiona,9,0.0
2,M,35,11,English,2,pies,10,some,Diana,Fiona,10,0.0
2,M,35,11,English,3,M&M's,10,some,Calvin,David,0,0.0
2,M,35,11,English,3,M&M's,10,some,Calvin,David,1,0.0147058823529
2,M,35,11,English,3,M&M's,10,some,Calvin,David,2,0.0343137254902
2,M,35,11,English,3,M&M's,10,some,Calvin,David,3,0.0686274509804
2,M,35,11,English,3,M&M's,10,some,Calvin,David,4,0.093137254902
2,M,35,11,English,3,M&M's,10,some,Calvin,David,5,0.0980392156863
2,M,35,11,English,3,M&M's,10,some,Calvin,David,6,0.107843137255
2,M,35,11,English,3,M&M's,10,some,Calvin,David,7,0.132352941176
2,M,35,11,English,3,M&M's,10,some,Calvin,David,8,0.147058823529
2,M,35,11,English,3,M&M's,10,some,Calvin,David,9,0.151960784314
2,M,35,11,English,3,M&M's,10,some,Calvin,David,10,0.151960784314
3,M,35,8,English,1,cookies,10,all,Ann,David,0,0.0
3,M,35,8,English,1,cookies,10,all,Ann,David,1,0.0
3,M,35,8,English,1,cookies,10,all,Ann,David,2,0.0
3,M,35,8,English,1,cookies,10,all,Ann,David,3,0.0
3,M,35,8,English,1,cookies,10,all,Ann,David,4,0.0222222222222
3,M,35,8,English,1,cookies,10,all,Ann,David,5,0.0222222222222
3,M,35,8,English,1,cookies,10,all,Ann,David,6,0.0222222222222
3,M,35,8,English,1,cookies,10,all,Ann,David,7,0.0222222222222
3,M,35,8,English,1,cookies,10,all,Ann,David,8,0.0222222222222
3,M,35,8,English,1,cookies,10,all,Ann,David,9,0.0
3,M,35,8,English,1,cookies,10,all,Ann,David,10,0.888888888889
3,M,35,8,English,2,pies,10,some,Fiona,Barbara,0,0.0
3,M,35,8,English,2,pies,10,some,Fiona,Barbara,1,0.258064516129
3,M,35,8,English,2,pies,10,some,Fiona,Barbara,2,0.266129032258
3,M,35,8,English,2,pies,10,some,Fiona,Barbara,3,0.233870967742
3,M,35,8,English,2,pies,10,some,Fiona,Barbara,4,0.241935483871
3,M,35,8,English,2,pies,10,some,Fiona,Barbara,5,0.0
3,M,35,8,English,2,pies,10,some,Fiona,Barbara,6,0.0
3,M,35,8,English,2,pies,10,some,Fiona,Barbara,7,0.0
3,M,35,8,English,2,pies,10,some,Fiona,Barbara,8,0.0
3,M,35,8,English,2,pies,10,some,Fiona,Barbara,9,0.0
3,M,35,8,English,2,pies,10,some,Fiona,Barbara,10,0.0
3,M,35,8,English,3,M&M's,10,some,Emma,Cathy,0,0.0
3,M,35,8,English,3,M&M's,10,some,Emma,Cathy,1,0.261538461538
3,M,35,8,English,3,M&M's,10,some,Emma,Cathy,2,0.269230769231
3,M,35,8,English,3,M&M's,10,some,Emma,Cathy,3,0.246153846154
3,M,35,8,English,3,M&M's,10,some,Emma,Cathy,4,0.223076923077
3,M,35,8,English,3,M&M's,10,some,Emma,Cathy,5,0.0
3,M,35,8,English,3,M&M's,10,some,Emma,Cathy,6,0.0
3,M,35,8,English,3,M&M's,10,some,Emma,Cathy,7,0.0
3,M,35,8,English,3,M&M's,10,some,Emma,Cathy,8,0.0
3,M,35,8,English,3,M&M's,10,some,Emma,Cathy,9,0.0
3,M,35,8,English,3,M&M's,10,some,Emma,Cathy,10,0.0
4,M,35,4,english,1,cookies,10,some,David,Barbara,0,0.0612244897959
4,M,35,4,english,1,cookies,10,some,David,Barbara,1,0.0612244897959
4,M,35,4,english,1,cookies,10,some,David,Barbara,2,0.10612244898
4,M,35,4,english,1,cookies,10,some,David,Barbara,3,0.114285714286
4,M,35,4,english,1,cookies,10,some,David,Barbara,4,0.110204081633
4,M,35,4,english,1,cookies,10,some,David,Barbara,5,0.114285714286
4,M,35,4,english,1,cookies,10,some,David,Barbara,6,0.0734693877551
4,M,35,4,english,1,cookies,10,some,David,Barbara,7,0.0612244897959
4,M,35,4,english,1,cookies,10,some,David,Barbara,8,0.114285714286
4,M,35,4,english,1,cookies,10,some,David,Barbara,9,0.065306122449
4,M,35,4,english,1,cookies,10,some,David,Barbara,10,0.118367346939
4,M,35,4,english,2,pies,10,some,Bob,Edward,0,0.137614678899
4,M,35,4,english,2,pies,10,some,Bob,Edward,1,0.0642201834862
4,M,35,4,english,2,pies,10,some,Bob,Edward,2,0.110091743119
4,M,35,4,english,2,pies,10,some,Bob,Edward,3,0.0642201834862
4,M,35,4,english,2,pies,10,some,Bob,Edward,4,0.0642201834862
4,M,35,4,english,2,pies,10,some,Bob,Edward,5,0.0596330275229
4,M,35,4,english,2,pies,10,some,Bob,Edward,6,0.123853211009
4,M,35,4,english,2,pies,10,some,Bob,Edward,7,0.0642201834862
4,M,35,4,english,2,pies,10,some,Bob,Edward,8,0.0596330275229
4,M,35,4,english,2,pies,10,some,Bob,Edward,9,0.123853211009
4,M,35,4,english,2,pies,10,some,Bob,Edward,10,0.128440366972
4,M,35,4,english,3,M&M's,10,all,Emma,Diana,0,0.0815217391304
4,M,35,4,english,3,M&M's,10,all,Emma,Diana,1,0.0815217391304
4,M,35,4,english,3,M&M's,10,all,Emma,Diana,2,0.0760869565217
4,M,35,4,english,3,M&M's,10,all,Emma,Diana,3,0.135869565217
4,M,35,4,english,3,M&M's,10,all,Emma,Diana,4,0.141304347826
4,M,35,4,english,3,M&M's,10,all,Emma,Diana,5,0.070652173913
4,M,35,4,english,3,M&M's,10,all,Emma,Diana,6,0.0815217391304
4,M,35,4,english,3,M&M's,10,all,Emma,Diana,7,0.0869565217391
4,M,35,4,english,3,M&M's,10,all,Emma,Diana,8,0.0760869565217
4,M,35,4,english,3,M&M's,10,all,Emma,Diana,9,0.0869565217391
4,M,35,4,english,3,M&M's,10,all,Emma,Diana,10,0.0815217391304
5,M,35,10,english,1,pies,10,some,Bob,Frank,0,0.0
5,M,35,10,english,1,pies,10,some,Bob,Frank,1,0.512820512821
5,M,35,10,english,1,pies,10,some,Bob,Frank,2,0.333333333333
5,M,35,10,english,1,pies,10,some,Bob,Frank,3,0.102564102564
5,M,35,10,english,1,pies,10,some,Bob,Frank,4,0.0512820512821
5,M,35,10,english,1,pies,10,some,Bob,Frank,5,0.0
5,M,35,10,english,1,pies,10,some,Bob,Frank,6,0.0
5,M,35,10,english,1,pies,10,some,Bob,Frank,7,0.0
5,M,35,10,english,1,pies,10,some,Bob,Frank,8,0.0
5,M,35,10,english,1,pies,10,some,Bob,Frank,9,0.0
5,M,35,10,english,1,pies,10,some,Bob,Frank,10,0.0
5,M,35,10,english,2,M&M's,10,all,Diana,Cathy,0,0.0
5,M,35,10,english,2,M&M's,10,all,Diana,Cathy,1,0.0
5,M,35,10,english,2,M&M's,10,all,Diana,Cathy,2,0.0
5,M,35,10,english,2,M&M's,10,all,Diana,Cathy,3,0.0
5,M,35,10,english,2,M&M's,10,all,Diana,Cathy,4,0.0
5,M,35,10,english,2,M&M's,10,all,Diana,Cathy,5,0.0
5,M,35,10,english,2,M&M's,10,all,Diana,Cathy,6,0.040404040404
5,M,35,10,english,2,M&M's,10,all,Diana,Cathy,7,0.111111111111
5,M,35,10,english,2,M&M's,10,all,Diana,Cathy,8,0.20202020202
5,M,35,10,english,2,M&M's,10,all,Diana,Cathy,9,0.292929292929
5,M,35,10,english,2,M&M's,10,all,Diana,Cathy,10,0.353535353535
5,M,35,10,english,3,cookies,10,all,Edward,David,0,0.0
5,M,35,10,english,3,cookies,10,all,Edward,David,1,0.0
5,M,35,10,english,3,cookies,10,all,Edward,David,2,0.0
5,M,35,10,english,3,cookies,10,all,Edward,David,3,0.0375
5,M,35,10,english,3,cookies,10,all,Edward,David,4,0.06875
5,M,35,10,english,3,cookies,10,all,Edward,David,5,0.1
5,M,35,10,english,3,cookies,10,all,Edward,David,6,0.125
5,M,35,10,english,3,cookies,10,all,Edward,David,7,0.14375
5,M,35,10,english,3,cookies,10,all,Edward,David,8,0.15625
5,M,35,10,english,3,cookies,10,all,Edward,David,9,0.16875
5,M,35,10,english,3,cookies,10,all,Edward,David,10,0.2
6,M,35,4,English,1,cookies,10,all,Albert,Ann,0,0.0
6,M,35,4,English,1,cookies,10,all,Albert,Ann,1,0.0
6,M,35,4,English,1,cookies,10,all,Albert,Ann,2,0.0
6,M,35,4,English,1,cookies,10,all,Albert,Ann,3,0.0387096774194
6,M,35,4,English,1,cookies,10,all,Albert,Ann,4,0.0451612903226
6,M,35,4,English,1,cookies,10,all,Albert,Ann,5,0.0838709677419
6,M,35,4,English,1,cookies,10,all,Albert,Ann,6,0.122580645161
6,M,35,4,English,1,cookies,10,all,Albert,Ann,7,0.154838709677
6,M,35,4,English,1,cookies,10,all,Albert,Ann,8,0.206451612903
6,M,35,4,English,1,cookies,10,all,Albert,Ann,9,0.187096774194
6,M,35,4,English,1,cookies,10,all,Albert,Ann,10,0.161290322581
6,M,35,4,English,2,pies,10,all,Edward,Barbara,0,0.0
6,M,35,4,English,2,pies,10,all,Edward,Barbara,1,0.34188034188
6,M,35,4,English,2,pies,10,all,Edward,Barbara,2,0.34188034188
6,M,35,4,English,2,pies,10,all,Edward,Barbara,3,0.230769230769
6,M,35,4,English,2,pies,10,all,Edward,Barbara,4,0.042735042735
6,M,35,4,English,2,pies,10,all,Edward,Barbara,5,0.042735042735
6,M,35,4,English,2,pies,10,all,Edward,Barbara,6,0.0
6,M,35,4,English,2,pies,10,all,Edward,Barbara,7,0.0
6,M,35,4,English,2,pies,10,all,Edward,Barbara,8,0.0
6,M,35,4,English,2,pies,10,all,Edward,Barbara,9,0.0
6,M,35,4,English,2,pies,10,all,Edward,Barbara,10,0.0
6,M,35,4,English,3,M&M's,10,some,Fiona,Cathy,0,0.0
6,M,35,4,English,3,M&M's,10,some,Fiona,Cathy,1,0.0
6,M,35,4,English,3,M&M's,10,some,Fiona,Cathy,2,0.0
6,M,35,4,English,3,M&M's,10,some,Fiona,Cathy,3,0.1125
6,M,35,4,English,3,M&M's,10,some,Fiona,Cathy,4,0.1125
6,M,35,4,English,3,M&M's,10,some,Fiona,Cathy,5,0.133333333333
6,M,35,4,English,3,M&M's,10,some,Fiona,Cathy,6,0.166666666667
6,M,35,4,English,3,M&M's,10,some,Fiona,Cathy,7,0.166666666667
6,M,35,4,English,3,M&M's,10,some,Fiona,Cathy,8,0.166666666667
6,M,35,4,English,3,M&M's,10,some,Fiona,Cathy,9,0.141666666667
6,M,35,4,English,3,M&M's,10,some,Fiona,Cathy,10,0.0
7,F,45,0,English,1,cookies,10,some,Ann,Bob,0,0.0
7,F,45,0,English,1,cookies,10,some,Ann,Bob,1,0.261363636364
7,F,45,0,English,1,cookies,10,some,Ann,Bob,2,0.272727272727
7,F,45,0,English,1,cookies,10,some,Ann,Bob,3,0.454545454545
7,F,45,0,English,1,cookies,10,some,Ann,Bob,4,0.0113636363636
7,F,45,0,English,1,cookies,10,some,Ann,Bob,5,0.0
7,F,45,0,English,1,cookies,10,some,Ann,Bob,6,0.0
7,F,45,0,English,1,cookies,10,some,Ann,Bob,7,0.0
7,F,45,0,English,1,cookies,10,some,Ann,Bob,8,0.0
7,F,45,0,English,1,cookies,10,some,Ann,Bob,9,0.0
7,F,45,0,English,1,cookies,10,some,Ann,Bob,10,0.0
7,F,45,0,English,2,pies,10,all,Barbara,Fiona,0,0.0
7,F,45,0,English,2,pies,10,all,Barbara,Fiona,1,0.0
7,F,45,0,English,2,pies,10,all,Barbara,Fiona,2,0.0
7,F,45,0,English,2,pies,10,all,Barbara,Fiona,3,0.0
7,F,45,0,English,2,pies,10,all,Barbara,Fiona,4,0.0238095238095
7,F,45,0,English,2,pies,10,all,Barbara,Fiona,5,0.0238095238095
7,F,45,0,English,2,pies,10,all,Barbara,Fiona,6,0.0
7,F,45,0,English,2,pies,10,all,Barbara,Fiona,7,0.0
7,F,45,0,English,2,pies,10,all,Barbara,Fiona,8,0.0
7,F,45,0,English,2,pies,10,all,Barbara,Fiona,9,0.0
7,F,45,0,English,2,pies,10,all,Barbara,Fiona,10,0.952380952381
7,F,45,0,English,3,M&M's,10,some,Diana,Edward,0,0.137055837563
7,F,45,0,English,3,M&M's,10,some,Diana,Edward,1,0.121827411168
7,F,45,0,English,3,M&M's,10,some,Diana,Edward,2,0.116751269036
7,F,45,0,English,3,M&M's,10,some,Diana,Edward,3,0.121827411168
7,F,45,0,English,3,M&M's,10,some,Diana,Edward,4,0.116751269036
7,F,45,0,English,3,M&M's,10,some,Diana,Edward,5,0.126903553299
7,F,45,0,English,3,M&M's,10,some,Diana,Edward,6,0.0913705583756
7,F,45,0,English,3,M&M's,10,some,Diana,Edward,7,0.0761421319797
7,F,45,0,English,3,M&M's,10,some,Diana,Edward,8,0.0507614213198
7,F,45,0,English,3,M&M's,10,some,Diana,Edward,9,0.0406091370558
7,F,45,0,English,3,M&M's,10,some,Diana,Edward,10,0.0
8,M,25,6,English,1,cookies,10,some,Ann,Edward,0,0.162601626016
8,M,25,6,English,1,cookies,10,some,Ann,Edward,1,0.162601626016
8,M,25,6,English,1,cookies,10,some,Ann,Edward,2,0.130081300813
8,M,25,6,English,1,cookies,10,some,Ann,Edward,3,0.126016260163
8,M,25,6,English,1,cookies,10,some,Ann,Edward,4,0.105691056911
8,M,25,6,English,1,cookies,10,some,Ann,Edward,5,0.0934959349593
8,M,25,6,English,1,cookies,10,some,Ann,Edward,6,0.0813008130081
8,M,25,6,English,1,cookies,10,some,Ann,Edward,7,0.0569105691057
8,M,25,6,English,1,cookies,10,some,Ann,Edward,8,0.0406504065041
8,M,25,6,English,1,cookies,10,some,Ann,Edward,9,0.0325203252033
8,M,25,6,English,1,cookies,10,some,Ann,Edward,10,0.00813008130081
8,M,25,6,English,2,pies,10,all,David,Emma,0,0.112044817927
8,M,25,6,English,2,pies,10,all,David,Emma,1,0.112044817927
8,M,25,6,English,2,pies,10,all,David,Emma,2,0.112044817927
8,M,25,6,English,2,pies,10,all,David,Emma,3,0.112044817927
8,M,25,6,English,2,pies,10,all,David,Emma,4,0.0868347338936
8,M,25,6,English,2,pies,10,all,David,Emma,5,0.0812324929972
8,M,25,6,English,2,pies,10,all,David,Emma,6,0.078431372549
8,M,25,6,English,2,pies,10,all,David,Emma,7,0.0756302521008
8,M,25,6,English,2,pies,10,all,David,Emma,8,0.0756302521008
8,M,25,6,English,2,pies,10,all,David,Emma,9,0.0756302521008
8,M,25,6,English,2,pies,10,all,David,Emma,10,0.078431372549
8,M,25,6,English,3,M&M's,10,some,Fiona,Cathy,0,0.129139072848
8,M,25,6,English,3,M&M's,10,some,Fiona,Cathy,1,0.12582781457
8,M,25,6,English,3,M&M's,10,some,Fiona,Cathy,2,0.12582781457
8,M,25,6,English,3,M&M's,10,some,Fiona,Cathy,3,0.12582781457
8,M,25,6,English,3,M&M's,10,some,Fiona,Cathy,4,0.102649006623
8,M,25,6,English,3,M&M's,10,some,Fiona,Cathy,5,0.0927152317881
8,M,25,6,English,3,M&M's,10,some,Fiona,Cathy,6,0.0860927152318
8,M,25,6,English,3,M&M's,10,some,Fiona,Cathy,7,0.0827814569536
8,M,25,6,English,3,M&M's,10,some,Fiona,Cathy,8,0.0794701986755
8,M,25,6,English,3,M&M's,10,some,Fiona,Cathy,9,0.0496688741722
8,M,25,6,English,3,M&M's,10,some,Fiona,Cathy,10,0.0
9,F,35,6,english,1,pies,10,all,Cathy,Albert,0,0.0732984293194
9,F,35,6,english,1,pies,10,all,Cathy,Albert,1,0.17277486911
9,F,35,6,english,1,pies,10,all,Cathy,Albert,2,0.0732984293194
9,F,35,6,english,1,pies,10,all,Cathy,Albert,3,0.0890052356021
9,F,35,6,english,1,pies,10,all,Cathy,Albert,4,0.0628272251309
9,F,35,6,english,1,pies,10,all,Cathy,Albert,5,0.0732984293194
9,F,35,6,english,1,pies,10,all,Cathy,Albert,6,0.13612565445
9,F,35,6,english,1,pies,10,all,Cathy,Albert,7,0.0785340314136
9,F,35,6,english,1,pies,10,all,Cathy,Albert,8,0.0837696335079
9,F,35,6,english,1,pies,10,all,Cathy,Albert,9,0.0785340314136
9,F,35,6,english,1,pies,10,all,Cathy,Albert,10,0.0785340314136
9,F,35,6,english,2,M&M's,10,all,Ann,Edward,0,0.0604838709677
9,F,35,6,english,2,M&M's,10,all,Ann,Edward,1,0.104838709677
9,F,35,6,english,2,M&M's,10,all,Ann,Edward,2,0.0645161290323
9,F,35,6,english,2,M&M's,10,all,Ann,Edward,3,0.108870967742
9,F,35,6,english,2,M&M's,10,all,Ann,Edward,4,0.108870967742
9,F,35,6,english,2,M&M's,10,all,Ann,Edward,5,0.100806451613
9,F,35,6,english,2,M&M's,10,all,Ann,Edward,6,0.0645161290323
9,F,35,6,english,2,M&M's,10,all,Ann,Edward,7,0.104838709677
9,F,35,6,english,2,M&M's,10,all,Ann,Edward,8,0.108870967742
9,F,35,6,english,2,M&M's,10,all,Ann,Edward,9,0.0645161290323
9,F,35,6,english,2,M&M's,10,all,Ann,Edward,10,0.108870967742
9,F,35,6,english,3,cookies,10,all,Emma,David,0,0.0992907801418
9,F,35,6,english,3,cookies,10,all,Emma,David,1,0.0886524822695
9,F,35,6,english,3,cookies,10,all,Emma,David,2,0.0886524822695
9,F,35,6,english,3,cookies,10,all,Emma,David,3,0.106382978723
9,F,35,6,english,3,cookies,10,all,Emma,David,4,0.109929078014
9,F,35,6,english,3,cookies,10,all,Emma,David,5,0.0992907801418
9,F,35,6,english,3,cookies,10,all,Emma,David,6,0.0992907801418
9,F,35,6,english,3,cookies,10,all,Emma,David,7,0.0957446808511
9,F,35,6,english,3,cookies,10,all,Emma,David,8,0.0602836879433
9,F,35,6,english,3,cookies,10,all,Emma,David,9,0.0957446808511
9,F,35,6,english,3,cookies,10,all,Emma,David,10,0.0567375886525
10,F,65,6,english,1,pies,10,some,Albert,Frank,0,0.00740740740741
10,F,65,6,english,1,pies,10,some,Albert,Frank,1,0.037037037037
10,F,65,6,english,1,pies,10,some,Albert,Frank,2,0.148148148148
10,F,65,6,english,1,pies,10,some,Albert,Frank,3,0.274074074074
10,F,65,6,english,1,pies,10,some,Albert,Frank,4,0.266666666667
10,F,65,6,english,1,pies,10,some,Albert,Frank,5,0.148148148148
10,F,65,6,english,1,pies,10,some,Albert,Frank,6,0.037037037037
10,F,65,6,english,1,pies,10,some,Albert,Frank,7,0.037037037037
10,F,65,6,english,1,pies,10,some,Albert,Frank,8,0.0148148148148
10,F,65,6,english,1,pies,10,some,Albert,Frank,9,0.0222222222222
10,F,65,6,english,1,pies,10,some,Albert,Frank,10,0.00740740740741
10,F,65,6,english,2,M&M's,10,all,Emma,David,0,0.02
10,F,65,6,english,2,M&M's,10,all,Emma,David,1,0.02
10,F,65,6,english,2,M&M's,10,all,Emma,David,2,0.02
10,F,65,6,english,2,M&M's,10,all,Emma,David,3,0.0
10,F,65,6,english,2,M&M's,10,all,Emma,David,4,0.02
10,F,65,6,english,2,M&M's,10,all,Emma,David,5,0.02
10,F,65,6,english,2,M&M's,10,all,Emma,David,6,0.04
10,F,65,6,english,2,M&M's,10,all,Emma,David,7,0.02
10,F,65,6,english,2,M&M's,10,all,Emma,David,8,0.0
10,F,65,6,english,2,M&M's,10,all,Emma,David,9,0.08
10,F,65,6,english,2,M&M's,10,all,Emma,David,10,0.76
10,F,65,6,english,3,cookies,10,all,Diana,Edward,0,0.0
10,F,65,6,english,3,cookies,10,all,Diana,Edward,1,0.0185185185185
10,F,65,6,english,3,cookies,10,all,Diana,Edward,2,0.0185185185185
10,F,65,6,english,3,cookies,10,all,Diana,Edward,3,0.0185185185185
10,F,65,6,english,3,cookies,10,all,Diana,Edward,4,0.0185185185185
10,F,65,6,english,3,cookies,10,all,Diana,Edward,5,0.0185185185185
10,F,65,6,english,3,cookies,10,all,Diana,Edward,6,0.037037037037
10,F,65,6,english,3,cookies,10,all,Diana,Edward,7,0.0555555555556
10,F,65,6,english,3,cookies,10,all,Diana,Edward,8,0.0555555555556
10,F,65,6,english,3,cookies,10,all,Diana,Edward,9,0.0555555555556
10,F,65,6,english,3,cookies,10,all,Diana,Edward,10,0.703703703704
11,F,45,0,english,1,pies,10,some,Calvin,Ann,0,0.0
11,F,45,0,english,1,pies,10,some,Calvin,Ann,1,0.306306306306
11,F,45,0,english,1,pies,10,some,Calvin,Ann,2,0.279279279279
11,F,45,0,english,1,pies,10,some,Calvin,Ann,3,0.207207207207
11,F,45,0,english,1,pies,10,some,Calvin,Ann,4,0.144144144144
11,F,45,0,english,1,pies,10,some,Calvin,Ann,5,0.045045045045
11,F,45,0,english,1,pies,10,some,Calvin,Ann,6,0.0
11,F,45,0,english,1,pies,10,some,Calvin,Ann,7,0.0
11,F,45,0,english,1,pies,10,some,Calvin,Ann,8,0.0
11,F,45,0,english,1,pies,10,some,Calvin,Ann,9,0.00900900900901
11,F,45,0,english,1,pies,10,some,Calvin,Ann,10,0.00900900900901
11,F,45,0,english,2,cookies,10,some,David,Edward,0,0.0
11,F,45,0,english,2,cookies,10,some,David,Edward,1,0.192513368984
11,F,45,0,english,2,cookies,10,some,David,Edward,2,0.187165775401
11,F,45,0,english,2,cookies,10,some,David,Edward,3,0.176470588235
11,F,45,0,english,2,cookies,10,some,David,Edward,4,0.128342245989
11,F,45,0,english,2,cookies,10,some,David,Edward,5,0.122994652406
11,F,45,0,english,2,cookies,10,some,David,Edward,6,0.0909090909091
11,F,45,0,english,2,cookies,10,some,David,Edward,7,0.048128342246
11,F,45,0,english,2,cookies,10,some,David,Edward,8,0.0160427807487
11,F,45,0,english,2,cookies,10,some,David,Edward,9,0.0213903743316
11,F,45,0,english,2,cookies,10,some,David,Edward,10,0.0160427807487
11,F,45,0,english,3,M&M's,10,all,Bob,Frank,0,0.0
11,F,45,0,english,3,M&M's,10,all,Bob,Frank,1,0.1
11,F,45,0,english,3,M&M's,10,all,Bob,Frank,2,0.1
11,F,45,0,english,3,M&M's,10,all,Bob,Frank,3,0.1
11,F,45,0,english,3,M&M's,10,all,Bob,Frank,4,0.1
11,F,45,0,english,3,M&M's,10,all,Bob,Frank,5,0.1
11,F,45,0,english,3,M&M's,10,all,Bob,Frank,6,0.1
11,F,45,0,english,3,M&M's,10,all,Bob,Frank,7,0.1
11,F,45,0,english,3,M&M's,10,all,Bob,Frank,8,0.1
11,F,45,0,english,3,M&M's,10,all,Bob,Frank,9,0.1
11,F,45,0,english,3,M&M's,10,all,Bob,Frank,10,0.1
12,F,55,4,english,1,pies,10,some,Albert,Edward,0,0.0143266475645
12,F,55,4,english,1,pies,10,some,Albert,Edward,1,0.10888252149
12,F,55,4,english,1,pies,10,some,Albert,Edward,2,0.0372492836676
12,F,55,4,english,1,pies,10,some,Albert,Edward,3,0.106017191977
12,F,55,4,english,1,pies,10,some,Albert,Edward,4,0.103151862464
12,F,55,4,english,1,pies,10,some,Albert,Edward,5,0.103151862464
12,F,55,4,english,1,pies,10,some,Albert,Edward,6,0.103151862464
12,F,55,4,english,1,pies,10,some,Albert,Edward,7,0.103151862464
12,F,55,4,english,1,pies,10,some,Albert,Edward,8,0.103151862464
12,F,55,4,english,1,pies,10,some,Albert,Edward,9,0.106017191977
12,F,55,4,english,1,pies,10,some,Albert,Edward,10,0.111747851003
12,F,55,4,english,2,M&M's,10,some,Calvin,Barbara,0,0.0165289256198
12,F,55,4,english,2,M&M's,10,some,Calvin,Barbara,1,0.0247933884298
12,F,55,4,english,2,M&M's,10,some,Calvin,Barbara,2,0.0371900826446
12,F,55,4,english,2,M&M's,10,some,Calvin,Barbara,3,0.0578512396694
12,F,55,4,english,2,M&M's,10,some,Calvin,Barbara,4,0.099173553719
12,F,55,4,english,2,M&M's,10,some,Calvin,Barbara,5,0.119834710744
12,F,55,4,english,2,M&M's,10,some,Calvin,Barbara,6,0.119834710744
12,F,55,4,english,2,M&M's,10,some,Calvin,Barbara,7,0.119834710744
12,F,55,4,english,2,M&M's,10,some,Calvin,Barbara,8,0.119834710744
12,F,55,4,english,2,M&M's,10,some,Calvin,Barbara,9,0.140495867769
12,F,55,4,english,2,M&M's,10,some,Calvin,Barbara,10,0.144628099174
12,F,55,4,english,3,cookies,10,some,Frank,Ann,0,0.00961538461538
12,F,55,4,english,3,cookies,10,some,Frank,Ann,1,0.0192307692308
12,F,55,4,english,3,cookies,10,some,Frank,Ann,2,0.0576923076923
12,F,55,4,english,3,cookies,10,some,Frank,Ann,3,0.336538461538
12,F,55,4,english,3,cookies,10,some,Frank,Ann,4,0.25
12,F,55,4,english,3,cookies,10,some,Frank,Ann,5,0.0769230769231
12,F,55,4,english,3,cookies,10,some,Frank,Ann,6,0.0673076923077
12,F,55,4,english,3,cookies,10,some,Frank,Ann,7,0.0673076923077
12,F,55,4,english,3,cookies,10,some,Frank,Ann,8,0.0384615384615
12,F,55,4,english,3,cookies,10,some,Frank,Ann,9,0.0384615384615
12,F,55,4,english,3,cookies,10,some,Frank,Ann,10,0.0384615384615
13,M,25,6,English,1,cookies,10,all,Diana,Calvin,0,0.0
13,M,25,6,English,1,cookies,10,all,Diana,Calvin,1,0.0
13,M,25,6,English,1,cookies,10,all,Diana,Calvin,2,0.0
13,M,25,6,English,1,cookies,10,all,Diana,Calvin,3,0.0
13,M,25,6,English,1,cookies,10,all,Diana,Calvin,4,0.0
13,M,25,6,English,1,cookies,10,all,Diana,Calvin,5,0.0
13,M,25,6,English,1,cookies,10,all,Diana,Calvin,6,0.0
13,M,25,6,English,1,cookies,10,all,Diana,Calvin,7,0.0
13,M,25,6,English,1,cookies,10,all,Diana,Calvin,8,0.0
13,M,25,6,English,1,cookies,10,all,Diana,Calvin,9,0.0697674418605
13,M,25,6,English,1,cookies,10,all,Diana,Calvin,10,0.93023255814
13,M,25,6,English,2,pies,10,some,Albert,Emma,0,0.0
13,M,25,6,English,2,pies,10,some,Albert,Emma,1,0.0
13,M,25,6,English,2,pies,10,some,Albert,Emma,2,0.173652694611
13,M,25,6,English,2,pies,10,some,Albert,Emma,3,0.233532934132
13,M,25,6,English,2,pies,10,some,Albert,Emma,4,0.239520958084
13,M,25,6,English,2,pies,10,some,Albert,Emma,5,0.179640718563
13,M,25,6,English,2,pies,10,some,Albert,Emma,6,0.107784431138
13,M,25,6,English,2,pies,10,some,Albert,Emma,7,0.0479041916168
13,M,25,6,English,2,pies,10,some,Albert,Emma,8,0.0179640718563
13,M,25,6,English,2,pies,10,some,Albert,Emma,9,0.0
13,M,25,6,English,2,pies,10,some,Albert,Emma,10,0.0
13,M,25,6,English,3,M&M's,10,all,Fiona,David,0,0.0
13,M,25,6,English,3,M&M's,10,all,Fiona,David,1,0.0
13,M,25,6,English,3,M&M's,10,all,Fiona,David,2,0.0
13,M,25,6,English,3,M&M's,10,all,Fiona,David,3,0.0
13,M,25,6,English,3,M&M's,10,all,Fiona,David,4,0.0
13,M,25,6,English,3,M&M's,10,all,Fiona,David,5,0.0
13,M,25,6,English,3,M&M's,10,all,Fiona,David,6,0.0
13,M,25,6,English,3,M&M's,10,all,Fiona,David,7,0.0
13,M,25,6,English,3,M&M's,10,all,Fiona,David,8,0.0
13,M,25,6,English,3,M&M's,10,all,Fiona,David,9,0.0697674418605
13,M,25,6,English,3,M&M's,10,all,Fiona,David,10,0.93023255814
14,F,35,4,English,1,pies,10,some,Cathy,Albert,0,0.0
14,F,35,4,English,1,pies,10,some,Cathy,Albert,1,0.0
14,F,35,4,English,1,pies,10,some,Cathy,Albert,2,0.175609756098
14,F,35,4,English,1,pies,10,some,Cathy,Albert,3,0.170731707317
14,F,35,4,English,1,pies,10,some,Cathy,Albert,4,0.156097560976
14,F,35,4,English,1,pies,10,some,Cathy,Albert,5,0.136585365854
14,F,35,4,English,1,pies,10,some,Cathy,Albert,6,0.126829268293
14,F,35,4,English,1,pies,10,some,Cathy,Albert,7,0.117073170732
14,F,35,4,English,1,pies,10,some,Cathy,Albert,8,0.107317073171
14,F,35,4,English,1,pies,10,some,Cathy,Albert,9,0.00487804878049
14,F,35,4,English,1,pies,10,some,Cathy,Albert,10,0.00487804878049
14,F,35,4,English,2,M&M's,10,all,Diana,Emma,0,0.0
14,F,35,4,English,2,M&M's,10,all,Diana,Emma,1,0.0
14,F,35,4,English,2,M&M's,10,all,Diana,Emma,2,0.0
14,F,35,4,English,2,M&M's,10,all,Diana,Emma,3,0.0
14,F,35,4,English,2,M&M's,10,all,Diana,Emma,4,0.0
14,F,35,4,English,2,M&M's,10,all,Diana,Emma,5,0.0
14,F,35,4,English,2,M&M's,10,all,Diana,Emma,6,0.0
14,F,35,4,English,2,M&M's,10,all,Diana,Emma,7,0.0
14,F,35,4,English,2,M&M's,10,all,Diana,Emma,8,0.0
14,F,35,4,English,2,M&M's,10,all,Diana,Emma,9,0.480519480519
14,F,35,4,English,2,M&M's,10,all,Diana,Emma,10,0.519480519481
14,F,35,4,English,3,cookies,10,some,Fiona,Frank,0,0.0
14,F,35,4,English,3,cookies,10,some,Fiona,Frank,1,0.030612244898
14,F,35,4,English,3,cookies,10,some,Fiona,Frank,2,0.188775510204
14,F,35,4,English,3,cookies,10,some,Fiona,Frank,3,0.188775510204
14,F,35,4,English,3,cookies,10,some,Fiona,Frank,4,0.188775510204
14,F,35,4,English,3,cookies,10,some,Fiona,Frank,5,0.102040816327
14,F,35,4,English,3,cookies,10,some,Fiona,Frank,6,0.102040816327
14,F,35,4,English,3,cookies,10,some,Fiona,Frank,7,0.102040816327
14,F,35,4,English,3,cookies,10,some,Fiona,Frank,8,0.0663265306122
14,F,35,4,English,3,cookies,10,some,Fiona,Frank,9,0.030612244898
14,F,35,4,English,3,cookies,10,some,Fiona,Frank,10,0.0
15,F,25,4,English ,1,cookies,10,all,Barbara,Emma,0,0.0
15,F,25,4,English ,1,cookies,10,all,Barbara,Emma,1,0.0141509433962
15,F,25,4,English ,1,cookies,10,all,Barbara,Emma,2,0.0188679245283
15,F,25,4,English ,1,cookies,10,all,Barbara,Emma,3,0.0283018867925
15,F,25,4,English ,1,cookies,10,all,Barbara,Emma,4,0.0801886792453
15,F,25,4,English ,1,cookies,10,all,Barbara,Emma,5,0.0990566037736
15,F,25,4,English ,1,cookies,10,all,Barbara,Emma,6,0.11320754717
15,F,25,4,English ,1,cookies,10,all,Barbara,Emma,7,0.132075471698
15,F,25,4,English ,1,cookies,10,all,Barbara,Emma,8,0.155660377358
15,F,25,4,English ,1,cookies,10,all,Barbara,Emma,9,0.169811320755
15,F,25,4,English ,1,cookies,10,all,Barbara,Emma,10,0.188679245283
15,F,25,4,English ,2,pies,10,all,Edward,David,0,0.00249376558603
15,F,25,4,English ,2,pies,10,all,Edward,David,1,0.0997506234414
15,F,25,4,English ,2,pies,10,all,Edward,David,2,0.0997506234414
15,F,25,4,English ,2,pies,10,all,Edward,David,3,0.0997506234414
15,F,25,4,English ,2,pies,10,all,Edward,David,4,0.0997506234414
15,F,25,4,English ,2,pies,10,all,Edward,David,5,0.0997506234414
15,F,25,4,English ,2,pies,10,all,Edward,David,6,0.0997506234414
15,F,25,4,English ,2,pies,10,all,Edward,David,7,0.0997506234414
15,F,25,4,English ,2,pies,10,all,Edward,David,8,0.0997506234414
15,F,25,4,English ,2,pies,10,all,Edward,David,9,0.0997506234414
15,F,25,4,English ,2,pies,10,all,Edward,David,10,0.0997506234414
15,F,25,4,English ,3,M&M's,10,all,Calvin,Bob,0,0.0
15,F,25,4,English ,3,M&M's,10,all,Calvin,Bob,1,0.1
15,F,25,4,English ,3,M&M's,10,all,Calvin,Bob,2,0.1
15,F,25,4,English ,3,M&M's,10,all,Calvin,Bob,3,0.1
15,F,25,4,English ,3,M&M's,10,all,Calvin,Bob,4,0.1
15,F,25,4,English ,3,M&M's,10,all,Calvin,Bob,5,0.1
15,F,25,4,English ,3,M&M's,10,all,Calvin,Bob,6,0.1
15,F,25,4,English ,3,M&M's,10,all,Calvin,Bob,7,0.1
15,F,25,4,English ,3,M&M's,10,all,Calvin,Bob,8,0.1
15,F,25,4,English ,3,M&M's,10,all,Calvin,Bob,9,0.1
15,F,25,4,English ,3,M&M's,10,all,Calvin,Bob,10,0.1
16,F,65,6,English,1,pies,10,all,Cathy,Edward,0,0.0165745856354
16,F,65,6,English,1,pies,10,all,Cathy,Edward,1,0.0497237569061
16,F,65,6,English,1,pies,10,all,Cathy,Edward,2,0.0497237569061
16,F,65,6,English,1,pies,10,all,Cathy,Edward,3,0.0718232044199
16,F,65,6,English,1,pies,10,all,Cathy,Edward,4,0.110497237569
16,F,65,6,English,1,pies,10,all,Cathy,Edward,5,0.110497237569
16,F,65,6,English,1,pies,10,all,Cathy,Edward,6,0.110497237569
16,F,65,6,English,1,pies,10,all,Cathy,Edward,7,0.110497237569
16,F,65,6,English,1,pies,10,all,Cathy,Edward,8,0.110497237569
16,F,65,6,English,1,pies,10,all,Cathy,Edward,9,0.110497237569
16,F,65,6,English,1,pies,10,all,Cathy,Edward,10,0.149171270718
16,F,65,6,English,2,M&M's,10,some,Bob,Calvin,0,0.00609756097561
16,F,65,6,English,2,M&M's,10,some,Bob,Calvin,1,0.0487804878049
16,F,65,6,English,2,M&M's,10,some,Bob,Calvin,2,0.0731707317073
16,F,65,6,English,2,M&M's,10,some,Bob,Calvin,3,0.0853658536585
16,F,65,6,English,2,M&M's,10,some,Bob,Calvin,4,0.121951219512
16,F,65,6,English,2,M&M's,10,some,Bob,Calvin,5,0.121951219512
16,F,65,6,English,2,M&M's,10,some,Bob,Calvin,6,0.121951219512
16,F,65,6,English,2,M&M's,10,some,Bob,Calvin,7,0.121951219512
16,F,65,6,English,2,M&M's,10,some,Bob,Calvin,8,0.121951219512
16,F,65,6,English,2,M&M's,10,some,Bob,Calvin,9,0.121951219512
16,F,65,6,English,2,M&M's,10,some,Bob,Calvin,10,0.0548780487805
16,F,65,6,English,3,cookies,10,all,David,Barbara,0,0.00502512562814
16,F,65,6,English,3,cookies,10,all,David,Barbara,1,0.0251256281407
16,F,65,6,English,3,cookies,10,all,David,Barbara,2,0.0603015075377
16,F,65,6,English,3,cookies,10,all,David,Barbara,3,0.100502512563
16,F,65,6,English,3,cookies,10,all,David,Barbara,4,0.100502512563
16,F,65,6,English,3,cookies,10,all,David,Barbara,5,0.100502512563
16,F,65,6,English,3,cookies,10,all,David,Barbara,6,0.100502512563
16,F,65,6,English,3,cookies,10,all,David,Barbara,7,0.100502512563
16,F,65,6,English,3,cookies,10,all,David,Barbara,8,0.115577889447
16,F,65,6,English,3,cookies,10,all,David,Barbara,9,0.125628140704
16,F,65,6,English,3,cookies,10,all,David,Barbara,10,0.165829145729
17,F,55,4,English,1,cookies,10,some,Emma,Diana,0,0.0
17,F,55,4,English,1,cookies,10,some,Emma,Diana,1,0.27027027027
17,F,55,4,English,1,cookies,10,some,Emma,Diana,2,0.222972972973
17,F,55,4,English,1,cookies,10,some,Emma,Diana,3,0.195945945946
17,F,55,4,English,1,cookies,10,some,Emma,Diana,4,0.135135135135
17,F,55,4,English,1,cookies,10,some,Emma,Diana,5,0.0675675675676
17,F,55,4,English,1,cookies,10,some,Emma,Diana,6,0.0540540540541
17,F,55,4,English,1,cookies,10,some,Emma,Diana,7,0.0405405405405
17,F,55,4,English,1,cookies,10,some,Emma,Diana,8,0.00675675675676
17,F,55,4,English,1,cookies,10,some,Emma,Diana,9,0.0
17,F,55,4,English,1,cookies,10,some,Emma,Diana,10,0.00675675675676
17,F,55,4,English,2,pies,10,some,David,Frank,0,0.0
17,F,55,4,English,2,pies,10,some,David,Frank,1,0.333333333333
17,F,55,4,English,2,pies,10,some,David,Frank,2,0.333333333333
17,F,55,4,English,2,pies,10,some,David,Frank,3,0.208333333333
17,F,55,4,English,2,pies,10,some,David,Frank,4,0.0583333333333
17,F,55,4,English,2,pies,10,some,David,Frank,5,0.0416666666667
17,F,55,4,English,2,pies,10,some,David,Frank,6,0.025
17,F,55,4,English,2,pies,10,some,David,Frank,7,0.0
17,F,55,4,English,2,pies,10,some,David,Frank,8,0.0
17,F,55,4,English,2,pies,10,some,David,Frank,9,0.0
17,F,55,4,English,2,pies,10,some,David,Frank,10,0.0
17,F,55,4,English,3,M&M's,10,some,Ann,Cathy,0,0.0
17,F,55,4,English,3,M&M's,10,some,Ann,Cathy,1,0.236686390533
17,F,55,4,English,3,M&M's,10,some,Ann,Cathy,2,0.236686390533
17,F,55,4,English,3,M&M's,10,some,Ann,Cathy,3,0.201183431953
17,F,55,4,English,3,M&M's,10,some,Ann,Cathy,4,0.177514792899
17,F,55,4,English,3,M&M's,10,some,Ann,Cathy,5,0.118343195266
17,F,55,4,English,3,M&M's,10,some,Ann,Cathy,6,0.0295857988166
17,F,55,4,English,3,M&M's,10,some,Ann,Cathy,7,0.0
17,F,55,4,English,3,M&M's,10,some,Ann,Cathy,8,0.0
17,F,55,4,English,3,M&M's,10,some,Ann,Cathy,9,0.0
17,F,55,4,English,3,M&M's,10,some,Ann,Cathy,10,0.0
18,F,35,8,English,1,pies,10,some,Ann,Frank,0,0.0
18,F,35,8,English,1,pies,10,some,Ann,Frank,1,0.0510948905109
18,F,35,8,English,1,pies,10,some,Ann,Frank,2,0.160583941606
18,F,35,8,English,1,pies,10,some,Ann,Frank,3,0.189781021898
18,F,35,8,English,1,pies,10,some,Ann,Frank,4,0.160583941606
18,F,35,8,English,1,pies,10,some,Ann,Frank,5,0.116788321168
18,F,35,8,English,1,pies,10,some,Ann,Frank,6,0.116788321168
18,F,35,8,English,1,pies,10,some,Ann,Frank,7,0.0948905109489
18,F,35,8,English,1,pies,10,some,Ann,Frank,8,0.0656934306569
18,F,35,8,English,1,pies,10,some,Ann,Frank,9,0.043795620438
18,F,35,8,English,1,pies,10,some,Ann,Frank,10,0.0
18,F,35,8,English,2,M&M's,10,some,Fiona,Cathy,0,0.0
18,F,35,8,English,2,M&M's,10,some,Fiona,Cathy,1,0.0413223140496
18,F,35,8,English,2,M&M's,10,some,Fiona,Cathy,2,0.0330578512397
18,F,35,8,English,2,M&M's,10,some,Fiona,Cathy,3,0.0495867768595
18,F,35,8,English,2,M&M's,10,some,Fiona,Cathy,4,0.123966942149
18,F,35,8,English,2,M&M's,10,some,Fiona,Cathy,5,0.165289256198
18,F,35,8,English,2,M&M's,10,some,Fiona,Cathy,6,0.181818181818
18,F,35,8,English,2,M&M's,10,some,Fiona,Cathy,7,0.198347107438
18,F,35,8,English,2,M&M's,10,some,Fiona,Cathy,8,0.115702479339
18,F,35,8,English,2,M&M's,10,some,Fiona,Cathy,9,0.0909090909091
18,F,35,8,English,2,M&M's,10,some,Fiona,Cathy,10,0.0
18,F,35,8,English,3,cookies,10,some,Barbara,Bob,0,0.0
18,F,35,8,English,3,cookies,10,some,Barbara,Bob,1,0.0340909090909
18,F,35,8,English,3,cookies,10,some,Barbara,Bob,2,0.193181818182
18,F,35,8,English,3,cookies,10,some,Barbara,Bob,3,0.238636363636
18,F,35,8,English,3,cookies,10,some,Barbara,Bob,4,0.238636363636
18,F,35,8,English,3,cookies,10,some,Barbara,Bob,5,0.170454545455
18,F,35,8,English,3,cookies,10,some,Barbara,Bob,6,0.0681818181818
18,F,35,8,English,3,cookies,10,some,Barbara,Bob,7,0.0454545454545
18,F,35,8,English,3,cookies,10,some,Barbara,Bob,8,0.0113636363636
18,F,35,8,English,3,cookies,10,some,Barbara,Bob,9,0.0
18,F,35,8,English,3,cookies,10,some,Barbara,Bob,10,0.0
19,M,25,4,English,1,pies,10,some,Emma,Diana,0,0.0
19,M,25,4,English,1,pies,10,some,Emma,Diana,1,0.0445859872611
19,M,25,4,English,1,pies,10,some,Emma,Diana,2,0.210191082803
19,M,25,4,English,1,pies,10,some,Emma,Diana,3,0.216560509554
19,M,25,4,English,1,pies,10,some,Emma,Diana,4,0.184713375796
19,M,25,4,English,1,pies,10,some,Emma,Diana,5,0.165605095541
19,M,25,4,English,1,pies,10,some,Emma,Diana,6,0.0828025477707
19,M,25,4,English,1,pies,10,some,Emma,Diana,7,0.0636942675159
19,M,25,4,English,1,pies,10,some,Emma,Diana,8,0.0254777070064
19,M,25,4,English,1,pies,10,some,Emma,Diana,9,0.00636942675159
19,M,25,4,English,1,pies,10,some,Emma,Diana,10,0.0
19,M,25,4,English,2,M&M's,10,all,Fiona,Barbara,0,0.0
19,M,25,4,English,2,M&M's,10,all,Fiona,Barbara,1,0.0
19,M,25,4,English,2,M&M's,10,all,Fiona,Barbara,2,0.0
19,M,25,4,English,2,M&M's,10,all,Fiona,Barbara,3,0.0
19,M,25,4,English,2,M&M's,10,all,Fiona,Barbara,4,0.0
19,M,25,4,English,2,M&M's,10,all,Fiona,Barbara,5,0.0
19,M,25,4,English,2,M&M's,10,all,Fiona,Barbara,6,0.0
19,M,25,4,English,2,M&M's,10,all,Fiona,Barbara,7,0.0
19,M,25,4,English,2,M&M's,10,all,Fiona,Barbara,8,0.0
19,M,25,4,English,2,M&M's,10,all,Fiona,Barbara,9,0.0
19,M,25,4,English,2,M&M's,10,all,Fiona,Barbara,10,1.0
19,M,25,4,English,3,cookies,10,all,Cathy,David,0,0.0
19,M,25,4,English,3,cookies,10,all,Cathy,David,1,0.0
19,M,25,4,English,3,cookies,10,all,Cathy,David,2,0.0
19,M,25,4,English,3,cookies,10,all,Cathy,David,3,0.0
19,M,25,4,English,3,cookies,10,all,Cathy,David,4,0.0
19,M,25,4,English,3,cookies,10,all,Cathy,David,5,0.0
19,M,25,4,English,3,cookies,10,all,Cathy,David,6,0.0
19,M,25,4,English,3,cookies,10,all,Cathy,David,7,0.0
19,M,25,4,English,3,cookies,10,all,Cathy,David,8,0.0
19,M,25,4,English,3,cookies,10,all,Cathy,David,9,0.0
19,M,25,4,English,3,cookies,10,all,Cathy,David,10,1.0
20,M,35,4,English,1,cookies,10,some,Edward,Bob,0,0.0
20,M,35,4,English,1,cookies,10,some,Edward,Bob,1,0.0287356321839
20,M,35,4,English,1,cookies,10,some,Edward,Bob,2,0.0977011494253
20,M,35,4,English,1,cookies,10,some,Edward,Bob,3,0.149425287356
20,M,35,4,English,1,cookies,10,some,Edward,Bob,4,0.189655172414
20,M,35,4,English,1,cookies,10,some,Edward,Bob,5,0.212643678161
20,M,35,4,English,1,cookies,10,some,Edward,Bob,6,0.16091954023
20,M,35,4,English,1,cookies,10,some,Edward,Bob,7,0.103448275862
20,M,35,4,English,1,cookies,10,some,Edward,Bob,8,0.0402298850575
20,M,35,4,English,1,cookies,10,some,Edward,Bob,9,0.0172413793103
20,M,35,4,English,1,cookies,10,some,Edward,Bob,10,0.0
20,M,35,4,English,2,pies,10,some,Fiona,Frank,0,0.0
20,M,35,4,English,2,pies,10,some,Fiona,Frank,1,0.0322580645161
20,M,35,4,English,2,pies,10,some,Fiona,Frank,2,0.0774193548387
20,M,35,4,English,2,pies,10,some,Fiona,Frank,3,0.135483870968
20,M,35,4,English,2,pies,10,some,Fiona,Frank,4,0.193548387097
20,M,35,4,English,2,pies,10,some,Fiona,Frank,5,0.238709677419
20,M,35,4,English,2,pies,10,some,Fiona,Frank,6,0.161290322581
20,M,35,4,English,2,pies,10,some,Fiona,Frank,7,0.103225806452
20,M,35,4,English,2,pies,10,some,Fiona,Frank,8,0.0387096774194
20,M,35,4,English,2,pies,10,some,Fiona,Frank,9,0.0193548387097
20,M,35,4,English,2,pies,10,some,Fiona,Frank,10,0.0
20,M,35,4,English,3,M&M's,10,some,Ann,Emma,0,0.0
20,M,35,4,English,3,M&M's,10,some,Ann,Emma,1,0.0132450331126
20,M,35,4,English,3,M&M's,10,some,Ann,Emma,2,0.105960264901
20,M,35,4,English,3,M&M's,10,some,Ann,Emma,3,0.158940397351
20,M,35,4,English,3,M&M's,10,some,Ann,Emma,4,0.192052980132
20,M,35,4,English,3,M&M's,10,some,Ann,Emma,5,0.211920529801
20,M,35,4,English,3,M&M's,10,some,Ann,Emma,6,0.165562913907
20,M,35,4,English,3,M&M's,10,some,Ann,Emma,7,0.105960264901
20,M,35,4,English,3,M&M's,10,some,Ann,Emma,8,0.0331125827815
20,M,35,4,English,3,M&M's,10,some,Ann,Emma,9,0.0132450331126
20,M,35,4,English,3,M&M's,10,some,Ann,Emma,10,0.0
21,F,35,6,English!,1,cookies,10,all,Emma,Ann,0,0.0
21,F,35,6,English!,1,cookies,10,all,Emma,Ann,1,0.0
21,F,35,6,English!,1,cookies,10,all,Emma,Ann,2,0.0
21,F,35,6,English!,1,cookies,10,all,Emma,Ann,3,0.0
21,F,35,6,English!,1,cookies,10,all,Emma,Ann,4,0.0
21,F,35,6,English!,1,cookies,10,all,Emma,Ann,5,0.0
21,F,35,6,English!,1,cookies,10,all,Emma,Ann,6,0.0
21,F,35,6,English!,1,cookies,10,all,Emma,Ann,7,0.0
21,F,35,6,English!,1,cookies,10,all,Emma,Ann,8,0.0
21,F,35,6,English!,1,cookies,10,all,Emma,Ann,9,0.5
21,F,35,6,English!,1,cookies,10,all,Emma,Ann,10,0.5
21,F,35,6,English!,2,pies,10,all,Bob,Diana,0,0.0
21,F,35,6,English!,2,pies,10,all,Bob,Diana,1,0.0547945205479
21,F,35,6,English!,2,pies,10,all,Bob,Diana,2,0.0684931506849
21,F,35,6,English!,2,pies,10,all,Bob,Diana,3,0.465753424658
21,F,35,6,English!,2,pies,10,all,Bob,Diana,4,0.287671232877
21,F,35,6,English!,2,pies,10,all,Bob,Diana,5,0.123287671233
21,F,35,6,English!,2,pies,10,all,Bob,Diana,6,0.0
21,F,35,6,English!,2,pies,10,all,Bob,Diana,7,0.0
21,F,35,6,English!,2,pies,10,all,Bob,Diana,8,0.0
21,F,35,6,English!,2,pies,10,all,Bob,Diana,9,0.0
21,F,35,6,English!,2,pies,10,all,Bob,Diana,10,0.0
21,F,35,6,English!,3,M&M's,10,some,Calvin,Fiona,0,0.0
21,F,35,6,English!,3,M&M's,10,some,Calvin,Fiona,1,0.0
21,F,35,6,English!,3,M&M's,10,some,Calvin,Fiona,2,0.0
21,F,35,6,English!,3,M&M's,10,some,Calvin,Fiona,3,0.0
21,F,35,6,English!,3,M&M's,10,some,Calvin,Fiona,4,0.208
21,F,35,6,English!,3,M&M's,10,some,Calvin,Fiona,5,0.232
21,F,35,6,English!,3,M&M's,10,some,Calvin,Fiona,6,0.216
21,F,35,6,English!,3,M&M's,10,some,Calvin,Fiona,7,0.288
21,F,35,6,English!,3,M&M's,10,some,Calvin,Fiona,8,0.056
21,F,35,6,English!,3,M&M's,10,some,Calvin,Fiona,9,0.0
21,F,35,6,English!,3,M&M's,10,some,Calvin,Fiona,10,0.0
22,F,45,8,English,1,cookies,10,all,Barbara,Albert,0,0.0869565217391
22,F,45,8,English,1,cookies,10,all,Barbara,Albert,1,0.0869565217391
22,F,45,8,English,1,cookies,10,all,Barbara,Albert,2,0.0565217391304
22,F,45,8,English,1,cookies,10,all,Barbara,Albert,3,0.113043478261
22,F,45,8,English,1,cookies,10,all,Barbara,Albert,4,0.134782608696
22,F,45,8,English,1,cookies,10,all,Barbara,Albert,5,0.0869565217391
22,F,45,8,English,1,cookies,10,all,Barbara,Albert,6,0.0695652173913
22,F,45,8,English,1,cookies,10,all,Barbara,Albert,7,0.117391304348
22,F,45,8,English,1,cookies,10,all,Barbara,Albert,8,0.0434782608696
22,F,45,8,English,1,cookies,10,all,Barbara,Albert,9,0.139130434783
22,F,45,8,English,1,cookies,10,all,Barbara,Albert,10,0.0652173913043
22,F,45,8,English,2,pies,10,some,Frank,Ann,0,0.113043478261
22,F,45,8,English,2,pies,10,some,Frank,Ann,1,0.0608695652174
22,F,45,8,English,2,pies,10,some,Frank,Ann,2,0.117391304348
22,F,45,8,English,2,pies,10,some,Frank,Ann,3,0.1
22,F,45,8,English,2,pies,10,some,Frank,Ann,4,0.0565217391304
22,F,45,8,English,2,pies,10,some,Frank,Ann,5,0.134782608696
22,F,45,8,English,2,pies,10,some,Frank,Ann,6,0.0521739130435
22,F,45,8,English,2,pies,10,some,Frank,Ann,7,0.14347826087
22,F,45,8,English,2,pies,10,some,Frank,Ann,8,0.104347826087
22,F,45,8,English,2,pies,10,some,Frank,Ann,9,0.0434782608696
22,F,45,8,English,2,pies,10,some,Frank,Ann,10,0.0739130434783
22,F,45,8,English,3,M&M's,10,some,Edward,Cathy,0,0.103244837758
22,F,45,8,English,3,M&M's,10,some,Edward,Cathy,1,0.0973451327434
22,F,45,8,English,3,M&M's,10,some,Edward,Cathy,2,0.0825958702065
22,F,45,8,English,3,M&M's,10,some,Edward,Cathy,3,0.103244837758
22,F,45,8,English,3,M&M's,10,some,Edward,Cathy,4,0.0825958702065
22,F,45,8,English,3,M&M's,10,some,Edward,Cathy,5,0.0884955752212
22,F,45,8,English,3,M&M's,10,some,Edward,Cathy,6,0.100294985251
22,F,45,8,English,3,M&M's,10,some,Edward,Cathy,7,0.0796460176991
22,F,45,8,English,3,M&M's,10,some,Edward,Cathy,8,0.0914454277286
22,F,45,8,English,3,M&M's,10,some,Edward,Cathy,9,0.0648967551622
22,F,45,8,English,3,M&M's,10,some,Edward,Cathy,10,0.106194690265
23,M,25,4,english,1,cookies,10,all,Frank,Cathy,0,0.127868852459
23,M,25,4,english,1,cookies,10,all,Frank,Cathy,1,0.127868852459
23,M,25,4,english,1,cookies,10,all,Frank,Cathy,2,0.124590163934
23,M,25,4,english,1,cookies,10,all,Frank,Cathy,3,0.114754098361
23,M,25,4,english,1,cookies,10,all,Frank,Cathy,4,0.111475409836
23,M,25,4,english,1,cookies,10,all,Frank,Cathy,5,0.104918032787
23,M,25,4,english,1,cookies,10,all,Frank,Cathy,6,0.0950819672131
23,M,25,4,english,1,cookies,10,all,Frank,Cathy,7,0.0852459016393
23,M,25,4,english,1,cookies,10,all,Frank,Cathy,8,0.0524590163934
23,M,25,4,english,1,cookies,10,all,Frank,Cathy,9,0.0360655737705
23,M,25,4,english,1,cookies,10,all,Frank,Cathy,10,0.0196721311475
23,M,25,4,english,2,pies,10,some,Fiona,Diana,0,0.367924528302
23,M,25,4,english,2,pies,10,some,Fiona,Diana,1,0.367924528302
23,M,25,4,english,2,pies,10,some,Fiona,Diana,2,0.11320754717
23,M,25,4,english,2,pies,10,some,Fiona,Diana,3,0.0566037735849
23,M,25,4,english,2,pies,10,some,Fiona,Diana,4,0.0283018867925
23,M,25,4,english,2,pies,10,some,Fiona,Diana,5,0.0283018867925
23,M,25,4,english,2,pies,10,some,Fiona,Diana,6,0.00943396226415
23,M,25,4,english,2,pies,10,some,Fiona,Diana,7,0.00943396226415
23,M,25,4,english,2,pies,10,some,Fiona,Diana,8,0.00943396226415
23,M,25,4,english,2,pies,10,some,Fiona,Diana,9,0.00943396226415
23,M,25,4,english,2,pies,10,some,Fiona,Diana,10,0.0
23,M,25,4,english,3,M&M's,10,all,Ann,Bob,0,0.128289473684
23,M,25,4,english,3,M&M's,10,all,Ann,Bob,1,0.128289473684
23,M,25,4,english,3,M&M's,10,all,Ann,Bob,2,0.131578947368
23,M,25,4,english,3,M&M's,10,all,Ann,Bob,3,0.128289473684
23,M,25,4,english,3,M&M's,10,all,Ann,Bob,4,0.105263157895
23,M,25,4,english,3,M&M's,10,all,Ann,Bob,5,0.0921052631579
23,M,25,4,english,3,M&M's,10,all,Ann,Bob,6,0.0822368421053
23,M,25,4,english,3,M&M's,10,all,Ann,Bob,7,0.0657894736842
23,M,25,4,english,3,M&M's,10,all,Ann,Bob,8,0.0592105263158
23,M,25,4,english,3,M&M's,10,all,Ann,Bob,9,0.0427631578947
23,M,25,4,english,3,M&M's,10,all,Ann,Bob,10,0.0361842105263
24,F,35,4,english,1,pies,10,some,Albert,Barbara,0,0.516666666667
24,F,35,4,english,1,pies,10,some,Albert,Barbara,1,0.333333333333
24,F,35,4,english,1,pies,10,some,Albert,Barbara,2,0.0166666666667
24,F,35,4,english,1,pies,10,some,Albert,Barbara,3,0.0166666666667
24,F,35,4,english,1,pies,10,some,Albert,Barbara,4,0.0166666666667
24,F,35,4,english,1,pies,10,some,Albert,Barbara,5,0.0166666666667
24,F,35,4,english,1,pies,10,some,Albert,Barbara,6,0.0166666666667
24,F,35,4,english,1,pies,10,some,Albert,Barbara,7,0.0166666666667
24,F,35,4,english,1,pies,10,some,Albert,Barbara,8,0.0166666666667
24,F,35,4,english,1,pies,10,some,Albert,Barbara,9,0.0166666666667
24,F,35,4,english,1,pies,10,some,Albert,Barbara,10,0.0166666666667
24,F,35,4,english,2,M&M's,10,all,Frank,Calvin,0,0.0809523809524
24,F,35,4,english,2,M&M's,10,all,Frank,Calvin,1,0.0952380952381
24,F,35,4,english,2,M&M's,10,all,Frank,Calvin,2,0.0928571428571
24,F,35,4,english,2,M&M's,10,all,Frank,Calvin,3,0.0928571428571
24,F,35,4,english,2,M&M's,10,all,Frank,Calvin,4,0.0928571428571
24,F,35,4,english,2,M&M's,10,all,Frank,Calvin,5,0.0928571428571
24,F,35,4,english,2,M&M's,10,all,Frank,Calvin,6,0.0928571428571
24,F,35,4,english,2,M&M's,10,all,Frank,Calvin,7,0.0904761904762
24,F,35,4,english,2,M&M's,10,all,Frank,Calvin,8,0.0904761904762
24,F,35,4,english,2,M&M's,10,all,Frank,Calvin,9,0.0904761904762
24,F,35,4,english,2,M&M's,10,all,Frank,Calvin,10,0.0880952380952
24,F,35,4,english,3,cookies,10,all,Ann,Fiona,0,0.193333333333
24,F,35,4,english,3,cookies,10,all,Ann,Fiona,1,0.26
24,F,35,4,english,3,cookies,10,all,Ann,Fiona,2,0.26
24,F,35,4,english,3,cookies,10,all,Ann,Fiona,3,0.26
24,F,35,4,english,3,cookies,10,all,Ann,Fiona,4,0.00666666666667
24,F,35,4,english,3,cookies,10,all,Ann,Fiona,5,0.00666666666667
24,F,35,4,english,3,cookies,10,all,Ann,Fiona,6,0.0
24,F,35,4,english,3,cookies,10,all,Ann,Fiona,7,0.0
24,F,35,4,english,3,cookies,10,all,Ann,Fiona,8,0.00666666666667
24,F,35,4,english,3,cookies,10,all,Ann,Fiona,9,0.00666666666667
24,F,35,4,english,3,cookies,10,all,Ann,Fiona,10,0.0
25,F,35,4,English,1,cookies,10,all,Albert,Ann,0,0.102040816327
25,F,35,4,English,1,cookies,10,all,Albert,Ann,1,0.0897959183673
25,F,35,4,English,1,cookies,10,all,Albert,Ann,2,0.0897959183673
25,F,35,4,English,1,cookies,10,all,Albert,Ann,3,0.0938775510204
25,F,35,4,English,1,cookies,10,all,Albert,Ann,4,0.0938775510204
25,F,35,4,English,1,cookies,10,all,Albert,Ann,5,0.0938775510204
25,F,35,4,English,1,cookies,10,all,Albert,Ann,6,0.0897959183673
25,F,35,4,English,1,cookies,10,all,Albert,Ann,7,0.0897959183673
25,F,35,4,English,1,cookies,10,all,Albert,Ann,8,0.0897959183673
25,F,35,4,English,1,cookies,10,all,Albert,Ann,9,0.0897959183673
25,F,35,4,English,1,cookies,10,all,Albert,Ann,10,0.0775510204082
25,F,35,4,English,2,pies,10,all,Edward,Cathy,0,0.143884892086
25,F,35,4,English,2,pies,10,all,Edward,Cathy,1,0.0935251798561
25,F,35,4,English,2,pies,10,all,Edward,Cathy,2,0.10071942446
25,F,35,4,English,2,pies,10,all,Edward,Cathy,3,0.107913669065
25,F,35,4,English,2,pies,10,all,Edward,Cathy,4,0.10071942446
25,F,35,4,English,2,pies,10,all,Edward,Cathy,5,0.0935251798561
25,F,35,4,English,2,pies,10,all,Edward,Cathy,6,0.107913669065
25,F,35,4,English,2,pies,10,all,Edward,Cathy,7,0.0863309352518
25,F,35,4,English,2,pies,10,all,Edward,Cathy,8,0.0863309352518
25,F,35,4,English,2,pies,10,all,Edward,Cathy,9,0.0791366906475
25,F,35,4,English,2,pies,10,all,Edward,Cathy,10,0.0
25,F,35,4,English,3,M&M's,10,some,Emma,Frank,0,0.0664556962025
25,F,35,4,English,3,M&M's,10,some,Emma,Frank,1,0.0949367088608
25,F,35,4,English,3,M&M's,10,some,Emma,Frank,2,0.0949367088608
25,F,35,4,English,3,M&M's,10,some,Emma,Frank,3,0.0949367088608
25,F,35,4,English,3,M&M's,10,some,Emma,Frank,4,0.0917721518987
25,F,35,4,English,3,M&M's,10,some,Emma,Frank,5,0.0949367088608
25,F,35,4,English,3,M&M's,10,some,Emma,Frank,6,0.0917721518987
25,F,35,4,English,3,M&M's,10,some,Emma,Frank,7,0.0917721518987
25,F,35,4,English,3,M&M's,10,some,Emma,Frank,8,0.0917721518987
25,F,35,4,English,3,M&M's,10,some,Emma,Frank,9,0.0917721518987
25,F,35,4,English,3,M&M's,10,some,Emma,Frank,10,0.0949367088608
26,F,35,4,English,1,cookies,10,some,Calvin,Cathy,0,0.0
26,F,35,4,English,1,cookies,10,some,Calvin,Cathy,1,0.0
26,F,35,4,English,1,cookies,10,some,Calvin,Cathy,2,0.2
26,F,35,4,English,1,cookies,10,some,Calvin,Cathy,3,0.2
26,F,35,4,English,1,cookies,10,some,Calvin,Cathy,4,0.2
26,F,35,4,English,1,cookies,10,some,Calvin,Cathy,5,0.09
26,F,35,4,English,1,cookies,10,some,Calvin,Cathy,6,0.09
26,F,35,4,English,1,cookies,10,some,Calvin,Cathy,7,0.09
26,F,35,4,English,1,cookies,10,some,Calvin,Cathy,8,0.09
26,F,35,4,English,1,cookies,10,some,Calvin,Cathy,9,0.04
26,F,35,4,English,1,cookies,10,some,Calvin,Cathy,10,0.0
26,F,35,4,English,2,pies,10,all,Bob,Edward,0,0.0
26,F,35,4,English,2,pies,10,all,Bob,Edward,1,0.0
26,F,35,4,English,2,pies,10,all,Bob,Edward,2,0.0
26,F,35,4,English,2,pies,10,all,Bob,Edward,3,0.0238095238095
26,F,35,4,English,2,pies,10,all,Bob,Edward,4,0.0238095238095
26,F,35,4,English,2,pies,10,all,Bob,Edward,5,0.0
26,F,35,4,English,2,pies,10,all,Bob,Edward,6,0.0
26,F,35,4,English,2,pies,10,all,Bob,Edward,7,0.0
26,F,35,4,English,2,pies,10,all,Bob,Edward,8,0.0238095238095
26,F,35,4,English,2,pies,10,all,Bob,Edward,9,0.0
26,F,35,4,English,2,pies,10,all,Bob,Edward,10,0.928571428571
26,F,35,4,English,3,M&M's,10,all,Albert,Fiona,0,0.0204081632653
26,F,35,4,English,3,M&M's,10,all,Albert,Fiona,1,0.0204081632653
26,F,35,4,English,3,M&M's,10,all,Albert,Fiona,2,0.0204081632653
26,F,35,4,English,3,M&M's,10,all,Albert,Fiona,3,0.0204081632653
26,F,35,4,English,3,M&M's,10,all,Albert,Fiona,4,0.0204081632653
26,F,35,4,English,3,M&M's,10,all,Albert,Fiona,5,0.0204081632653
26,F,35,4,English,3,M&M's,10,all,Albert,Fiona,6,0.0204081632653
26,F,35,4,English,3,M&M's,10,all,Albert,Fiona,7,0.0204081632653
26,F,35,4,English,3,M&M's,10,all,Albert,Fiona,8,0.0204081632653
26,F,35,4,English,3,M&M's,10,all,Albert,Fiona,9,0.0204081632653
26,F,35,4,English,3,M&M's,10,all,Albert,Fiona,10,0.795918367347
27,M,35,4,English,1,pies,10,some,David,Cathy,0,0.0
27,M,35,4,English,1,pies,10,some,David,Cathy,1,0.126984126984
27,M,35,4,English,1,pies,10,some,David,Cathy,2,0.238095238095
27,M,35,4,English,1,pies,10,some,David,Cathy,3,0.238095238095
27,M,35,4,English,1,pies,10,some,David,Cathy,4,0.174603174603
27,M,35,4,English,1,pies,10,some,David,Cathy,5,0.111111111111
27,M,35,4,English,1,pies,10,some,David,Cathy,6,0.047619047619
27,M,35,4,English,1,pies,10,some,David,Cathy,7,0.031746031746
27,M,35,4,English,1,pies,10,some,David,Cathy,8,0.0
27,M,35,4,English,1,pies,10,some,David,Cathy,9,0.031746031746
27,M,35,4,English,1,pies,10,some,David,Cathy,10,0.0
27,M,35,4,English,2,M&M's,10,some,Barbara,Fiona,0,0.0281690140845
27,M,35,4,English,2,M&M's,10,some,Barbara,Fiona,1,0.0845070422535
27,M,35,4,English,2,M&M's,10,some,Barbara,Fiona,2,0.140845070423
27,M,35,4,English,2,M&M's,10,some,Barbara,Fiona,3,0.169014084507
27,M,35,4,English,2,M&M's,10,some,Barbara,Fiona,4,0.140845070423
27,M,35,4,English,2,M&M's,10,some,Barbara,Fiona,5,0.140845070423
27,M,35,4,English,2,M&M's,10,some,Barbara,Fiona,6,0.0845070422535
27,M,35,4,English,2,M&M's,10,some,Barbara,Fiona,7,0.0422535211268
27,M,35,4,English,2,M&M's,10,some,Barbara,Fiona,8,0.0140845070423
27,M,35,4,English,2,M&M's,10,some,Barbara,Fiona,9,0.0845070422535
27,M,35,4,English,2,M&M's,10,some,Barbara,Fiona,10,0.0704225352113
27,M,35,4,English,3,cookies,10,some,Frank,Ann,0,0.013698630137
27,M,35,4,English,3,cookies,10,some,Frank,Ann,1,0.13698630137
27,M,35,4,English,3,cookies,10,some,Frank,Ann,2,0.164383561644
27,M,35,4,English,3,cookies,10,some,Frank,Ann,3,0.150684931507
27,M,35,4,English,3,cookies,10,some,Frank,Ann,4,0.123287671233
27,M,35,4,English,3,cookies,10,some,Frank,Ann,5,0.13698630137
27,M,35,4,English,3,cookies,10,some,Frank,Ann,6,0.123287671233
27,M,35,4,English,3,cookies,10,some,Frank,Ann,7,0.0547945205479
27,M,35,4,English,3,cookies,10,some,Frank,Ann,8,0.0547945205479
27,M,35,4,English,3,cookies,10,some,Frank,Ann,9,0.027397260274
27,M,35,4,English,3,cookies,10,some,Frank,Ann,10,0.013698630137
28,M,25,0,English,1,cookies,10,all,Frank,David,0,0.0588235294118
28,M,25,0,English,1,cookies,10,all,Frank,David,1,0.0647058823529
28,M,25,0,English,1,cookies,10,all,Frank,David,2,0.0529411764706
28,M,25,0,English,1,cookies,10,all,Frank,David,3,0.0529411764706
28,M,25,0,English,1,cookies,10,all,Frank,David,4,0.0647058823529
28,M,25,0,English,1,cookies,10,all,Frank,David,5,0.0529411764706
28,M,25,0,English,1,cookies,10,all,Frank,David,6,0.0823529411765
28,M,25,0,English,1,cookies,10,all,Frank,David,7,0.117647058824
28,M,25,0,English,1,cookies,10,all,Frank,David,8,0.135294117647
28,M,25,0,English,1,cookies,10,all,Frank,David,9,0.141176470588
28,M,25,0,English,1,cookies,10,all,Frank,David,10,0.176470588235
28,M,25,0,English,2,pies,10,all,Edward,Cathy,0,0.0628019323671
28,M,25,0,English,2,pies,10,all,Edward,Cathy,1,0.0966183574879
28,M,25,0,English,2,pies,10,all,Edward,Cathy,2,0.0966183574879
28,M,25,0,English,2,pies,10,all,Edward,Cathy,3,0.125603864734
28,M,25,0,English,2,pies,10,all,Edward,Cathy,4,0.111111111111
28,M,25,0,English,2,pies,10,all,Edward,Cathy,5,0.0966183574879
28,M,25,0,English,2,pies,10,all,Edward,Cathy,6,0.0917874396135
28,M,25,0,English,2,pies,10,all,Edward,Cathy,7,0.0772946859903
28,M,25,0,English,2,pies,10,all,Edward,Cathy,8,0.0724637681159
28,M,25,0,English,2,pies,10,all,Edward,Cathy,9,0.0821256038647
28,M,25,0,English,2,pies,10,all,Edward,Cathy,10,0.0869565217391
28,M,25,0,English,3,M&M's,10,all,Ann,Emma,0,0.0372670807453
28,M,25,0,English,3,M&M's,10,all,Ann,Emma,1,0.0621118012422
28,M,25,0,English,3,M&M's,10,all,Ann,Emma,2,0.0683229813665
28,M,25,0,English,3,M&M's,10,all,Ann,Emma,3,0.0683229813665
28,M,25,0,English,3,M&M's,10,all,Ann,Emma,4,0.0434782608696
28,M,25,0,English,3,M&M's,10,all,Ann,Emma,5,0.0683229813665
28,M,25,0,English,3,M&M's,10,all,Ann,Emma,6,0.0745341614907
28,M,25,0,English,3,M&M's,10,all,Ann,Emma,7,0.0496894409938
28,M,25,0,English,3,M&M's,10,all,Ann,Emma,8,0.124223602484
28,M,25,0,English,3,M&M's,10,all,Ann,Emma,9,0.155279503106
28,M,25,0,English,3,M&M's,10,all,Ann,Emma,10,0.248447204969
29,M,25,11,English,1,cookies,10,all,David,Barbara,0,0.112903225806
29,M,25,11,English,1,cookies,10,all,David,Barbara,1,0.155913978495
29,M,25,11,English,1,cookies,10,all,David,Barbara,2,0.166666666667
29,M,25,11,English,1,cookies,10,all,David,Barbara,3,0.193548387097
29,M,25,11,English,1,cookies,10,all,David,Barbara,4,0.161290322581
29,M,25,11,English,1,cookies,10,all,David,Barbara,5,0.123655913978
29,M,25,11,English,1,cookies,10,all,David,Barbara,6,0.0860215053763
29,M,25,11,English,1,cookies,10,all,David,Barbara,7,0.0
29,M,25,11,English,1,cookies,10,all,David,Barbara,8,0.0
29,M,25,11,English,1,cookies,10,all,David,Barbara,9,0.0
29,M,25,11,English,1,cookies,10,all,David,Barbara,10,0.0
29,M,25,11,English,2,pies,10,some,Cathy,Fiona,0,0.508771929825
29,M,25,11,English,2,pies,10,some,Cathy,Fiona,1,0.40350877193
29,M,25,11,English,2,pies,10,some,Cathy,Fiona,2,0.0877192982456
29,M,25,11,English,2,pies,10,some,Cathy,Fiona,3,0.0
29,M,25,11,English,2,pies,10,some,Cathy,Fiona,4,0.0
29,M,25,11,English,2,pies,10,some,Cathy,Fiona,5,0.0
29,M,25,11,English,2,pies,10,some,Cathy,Fiona,6,0.0
29,M,25,11,English,2,pies,10,some,Cathy,Fiona,7,0.0
29,M,25,11,English,2,pies,10,some,Cathy,Fiona,8,0.0
29,M,25,11,English,2,pies,10,some,Cathy,Fiona,9,0.0
29,M,25,11,English,2,pies,10,some,Cathy,Fiona,10,0.0
29,M,25,11,English,3,M&M's,10,all,Edward,Bob,0,0.0909090909091
29,M,25,11,English,3,M&M's,10,all,Edward,Bob,1,0.0909090909091
29,M,25,11,English,3,M&M's,10,all,Edward,Bob,2,0.0909090909091
29,M,25,11,English,3,M&M's,10,all,Edward,Bob,3,0.0909090909091
29,M,25,11,English,3,M&M's,10,all,Edward,Bob,4,0.0909090909091
29,M,25,11,English,3,M&M's,10,all,Edward,Bob,5,0.0909090909091
29,M,25,11,English,3,M&M's,10,all,Edward,Bob,6,0.0909090909091
29,M,25,11,English,3,M&M's,10,all,Edward,Bob,7,0.0909090909091
29,M,25,11,English,3,M&M's,10,all,Edward,Bob,8,0.0909090909091
29,M,25,11,English,3,M&M's,10,all,Edward,Bob,9,0.0909090909091
29,M,25,11,English,3,M&M's,10,all,Edward,Bob,10,0.0909090909091
30,M,45,8,English,1,pies,10,some,Edward,Cathy,0,0.0
30,M,45,8,English,1,pies,10,some,Edward,Cathy,1,0.245398773006
30,M,45,8,English,1,pies,10,some,Edward,Cathy,2,0.245398773006
30,M,45,8,English,1,pies,10,some,Edward,Cathy,3,0.196319018405
30,M,45,8,English,1,pies,10,some,Edward,Cathy,4,0.141104294479
30,M,45,8,English,1,pies,10,some,Edward,Cathy,5,0.079754601227
30,M,45,8,English,1,pies,10,some,Edward,Cathy,6,0.0368098159509
30,M,45,8,English,1,pies,10,some,Edward,Cathy,7,0.0184049079755
30,M,45,8,English,1,pies,10,some,Edward,Cathy,8,0.0184049079755
30,M,45,8,English,1,pies,10,some,Edward,Cathy,9,0.0184049079755
30,M,45,8,English,1,pies,10,some,Edward,Cathy,10,0.0
30,M,45,8,English,2,M&M's,10,some,Fiona,Frank,0,0.0
30,M,45,8,English,2,M&M's,10,some,Fiona,Frank,1,0.212765957447
30,M,45,8,English,2,M&M's,10,some,Fiona,Frank,2,0.212765957447
30,M,45,8,English,2,M&M's,10,some,Fiona,Frank,3,0.191489361702
30,M,45,8,English,2,M&M's,10,some,Fiona,Frank,4,0.154255319149
30,M,45,8,English,2,M&M's,10,some,Fiona,Frank,5,0.117021276596
30,M,45,8,English,2,M&M's,10,some,Fiona,Frank,6,0.0531914893617
30,M,45,8,English,2,M&M's,10,some,Fiona,Frank,7,0.0265957446809
30,M,45,8,English,2,M&M's,10,some,Fiona,Frank,8,0.0159574468085
30,M,45,8,English,2,M&M's,10,some,Fiona,Frank,9,0.0159574468085
30,M,45,8,English,2,M&M's,10,some,Fiona,Frank,10,0.0
30,M,45,8,English,3,cookies,10,all,David,Ann,0,0.0
30,M,45,8,English,3,cookies,10,all,David,Ann,1,0.1
30,M,45,8,English,3,cookies,10,all,David,Ann,2,0.1
30,M,45,8,English,3,cookies,10,all,David,Ann,3,0.1
30,M,45,8,English,3,cookies,10,all,David,Ann,4,0.1
30,M,45,8,English,3,cookies,10,all,David,Ann,5,0.1
30,M,45,8,English,3,cookies,10,all,David,Ann,6,0.1
30,M,45,8,English,3,cookies,10,all,David,Ann,7,0.1
30,M,45,8,English,3,cookies,10,all,David,Ann,8,0.1
30,M,45,8,English,3,cookies,10,all,David,Ann,9,0.1
30,M,45,8,English,3,cookies,10,all,David,Ann,10,0.1
31,M,65,4,english,1,pies,10,all,Cathy,Barbara,0,0.443181818182
31,M,65,4,english,1,pies,10,all,Cathy,Barbara,1,0.352272727273
31,M,65,4,english,1,pies,10,all,Cathy,Barbara,2,0.159090909091
31,M,65,4,english,1,pies,10,all,Cathy,Barbara,3,0.0454545454545
31,M,65,4,english,1,pies,10,all,Cathy,Barbara,4,0.0
31,M,65,4,english,1,pies,10,all,Cathy,Barbara,5,0.0
31,M,65,4,english,1,pies,10,all,Cathy,Barbara,6,0.0
31,M,65,4,english,1,pies,10,all,Cathy,Barbara,7,0.0
31,M,65,4,english,1,pies,10,all,Cathy,Barbara,8,0.0
31,M,65,4,english,1,pies,10,all,Cathy,Barbara,9,0.0
31,M,65,4,english,1,pies,10,all,Cathy,Barbara,10,0.0
31,M,65,4,english,2,M&M's,10,all,Frank,Bob,0,0.213903743316
31,M,65,4,english,2,M&M's,10,all,Frank,Bob,1,0.192513368984
31,M,65,4,english,2,M&M's,10,all,Frank,Bob,2,0.171122994652
31,M,65,4,english,2,M&M's,10,all,Frank,Bob,3,0.171122994652
31,M,65,4,english,2,M&M's,10,all,Frank,Bob,4,0.128342245989
31,M,65,4,english,2,M&M's,10,all,Frank,Bob,5,0.122994652406
31,M,65,4,english,2,M&M's,10,all,Frank,Bob,6,0.0
31,M,65,4,english,2,M&M's,10,all,Frank,Bob,7,0.0
31,M,65,4,english,2,M&M's,10,all,Frank,Bob,8,0.0
31,M,65,4,english,2,M&M's,10,all,Frank,Bob,9,0.0
31,M,65,4,english,2,M&M's,10,all,Frank,Bob,10,0.0
31,M,65,4,english,3,cookies,10,some,Fiona,Ann,0,0.283018867925
31,M,65,4,english,3,cookies,10,some,Fiona,Ann,1,0.320754716981
31,M,65,4,english,3,cookies,10,some,Fiona,Ann,2,0.245283018868
31,M,65,4,english,3,cookies,10,some,Fiona,Ann,3,0.11320754717
31,M,65,4,english,3,cookies,10,some,Fiona,Ann,4,0.0188679245283
31,M,65,4,english,3,cookies,10,some,Fiona,Ann,5,0.00943396226415
31,M,65,4,english,3,cookies,10,some,Fiona,Ann,6,0.00943396226415
31,M,65,4,english,3,cookies,10,some,Fiona,Ann,7,0.0
31,M,65,4,english,3,cookies,10,some,Fiona,Ann,8,0.0
31,M,65,4,english,3,cookies,10,some,Fiona,Ann,9,0.0
31,M,65,4,english,3,cookies,10,some,Fiona,Ann,10,0.0
32,F,35,8,english,1,pies,10,all,Calvin,Bob,0,0.00446428571429
32,F,35,8,english,1,pies,10,all,Calvin,Bob,1,0.00446428571429
32,F,35,8,english,1,pies,10,all,Calvin,Bob,2,0.0223214285714
32,F,35,8,english,1,pies,10,all,Calvin,Bob,3,0.0357142857143
32,F,35,8,english,1,pies,10,all,Calvin,Bob,4,0.0625
32,F,35,8,english,1,pies,10,all,Calvin,Bob,5,0.107142857143
32,F,35,8,english,1,pies,10,all,Calvin,Bob,6,0.125
32,F,35,8,english,1,pies,10,all,Calvin,Bob,7,0.142857142857
32,F,35,8,english,1,pies,10,all,Calvin,Bob,8,0.160714285714
32,F,35,8,english,1,pies,10,all,Calvin,Bob,9,0.160714285714
32,F,35,8,english,1,pies,10,all,Calvin,Bob,10,0.174107142857
32,F,35,8,english,2,M&M's,10,all,Albert,Emma,0,0.00469483568075
32,F,35,8,english,2,M&M's,10,all,Albert,Emma,1,0.0093896713615
32,F,35,8,english,2,M&M's,10,all,Albert,Emma,2,0.0140845070423
32,F,35,8,english,2,M&M's,10,all,Albert,Emma,3,0.0234741784038
32,F,35,8,english,2,M&M's,10,all,Albert,Emma,4,0.0328638497653
32,F,35,8,english,2,M&M's,10,all,Albert,Emma,5,0.093896713615
32,F,35,8,english,2,M&M's,10,all,Albert,Emma,6,0.12676056338
32,F,35,8,english,2,M&M's,10,all,Albert,Emma,7,0.159624413146
32,F,35,8,english,2,M&M's,10,all,Albert,Emma,8,0.169014084507
32,F,35,8,english,2,M&M's,10,all,Albert,Emma,9,0.178403755869
32,F,35,8,english,2,M&M's,10,all,Albert,Emma,10,0.18779342723
32,F,35,8,english,3,cookies,10,some,Fiona,Cathy,0,0.00578034682081
32,F,35,8,english,3,cookies,10,some,Fiona,Cathy,1,0.161849710983
32,F,35,8,english,3,cookies,10,some,Fiona,Cathy,2,0.196531791908
32,F,35,8,english,3,cookies,10,some,Fiona,Cathy,3,0.190751445087
32,F,35,8,english,3,cookies,10,some,Fiona,Cathy,4,0.156069364162
32,F,35,8,english,3,cookies,10,some,Fiona,Cathy,5,0.0982658959538
32,F,35,8,english,3,cookies,10,some,Fiona,Cathy,6,0.0809248554913
32,F,35,8,english,3,cookies,10,some,Fiona,Cathy,7,0.0520231213873
32,F,35,8,english,3,cookies,10,some,Fiona,Cathy,8,0.028901734104
32,F,35,8,english,3,cookies,10,some,Fiona,Cathy,9,0.0173410404624
32,F,35,8,english,3,cookies,10,some,Fiona,Cathy,10,0.0115606936416
33,F,35,6,English,1,pies,10,all,Diana,Emma,0,0.314606741573
33,F,35,6,English,1,pies,10,all,Diana,Emma,1,0.370786516854
33,F,35,6,English,1,pies,10,all,Diana,Emma,2,0.314606741573
33,F,35,6,English,1,pies,10,all,Diana,Emma,3,0.0
33,F,35,6,English,1,pies,10,all,Diana,Emma,4,0.0
33,F,35,6,English,1,pies,10,all,Diana,Emma,5,0.0
33,F,35,6,English,1,pies,10,all,Diana,Emma,6,0.0
33,F,35,6,English,1,pies,10,all,Diana,Emma,7,0.0
33,F,35,6,English,1,pies,10,all,Diana,Emma,8,0.0
33,F,35,6,English,1,pies,10,all,Diana,Emma,9,0.0
33,F,35,6,English,1,pies,10,all,Diana,Emma,10,0.0
33,F,35,6,English,2,M&M's,10,some,Edward,Cathy,0,0.0325203252033
33,F,35,6,English,2,M&M's,10,some,Edward,Cathy,1,0.162601626016
33,F,35,6,English,2,M&M's,10,some,Edward,Cathy,2,0.162601626016
33,F,35,6,English,2,M&M's,10,some,Edward,Cathy,3,0.162601626016
33,F,35,6,English,2,M&M's,10,some,Edward,Cathy,4,0.109756097561
33,F,35,6,English,2,M&M's,10,some,Edward,Cathy,5,0.109756097561
33,F,35,6,English,2,M&M's,10,some,Edward,Cathy,6,0.0569105691057
33,F,35,6,English,2,M&M's,10,some,Edward,Cathy,7,0.0569105691057
33,F,35,6,English,2,M&M's,10,some,Edward,Cathy,8,0.0650406504065
33,F,35,6,English,2,M&M's,10,some,Edward,Cathy,9,0.0487804878049
33,F,35,6,English,2,M&M's,10,some,Edward,Cathy,10,0.0325203252033
33,F,35,6,English,3,cookies,10,some,Bob,Ann,0,0.00892857142857
33,F,35,6,English,3,cookies,10,some,Bob,Ann,1,0.138392857143
33,F,35,6,English,3,cookies,10,some,Bob,Ann,2,0.15625
33,F,35,6,English,3,cookies,10,some,Bob,Ann,3,0.147321428571
33,F,35,6,English,3,cookies,10,some,Bob,Ann,4,0.138392857143
33,F,35,6,English,3,cookies,10,some,Bob,Ann,5,0.129464285714
33,F,35,6,English,3,cookies,10,some,Bob,Ann,6,0.111607142857
33,F,35,6,English,3,cookies,10,some,Bob,Ann,7,0.0669642857143
33,F,35,6,English,3,cookies,10,some,Bob,Ann,8,0.0446428571429
33,F,35,6,English,3,cookies,10,some,Bob,Ann,9,0.03125
33,F,35,6,English,3,cookies,10,some,Bob,Ann,10,0.0267857142857
34,M,25,4,English,1,cookies,10,some,Edward,Cathy,0,0.0923694779116
34,M,25,4,English,1,cookies,10,some,Edward,Cathy,1,0.128514056225
34,M,25,4,English,1,cookies,10,some,Edward,Cathy,2,0.0963855421687
34,M,25,4,English,1,cookies,10,some,Edward,Cathy,3,0.0441767068273
34,M,25,4,English,1,cookies,10,some,Edward,Cathy,4,0.128514056225
34,M,25,4,English,1,cookies,10,some,Edward,Cathy,5,0.0602409638554
34,M,25,4,English,1,cookies,10,some,Edward,Cathy,6,0.120481927711
34,M,25,4,English,1,cookies,10,some,Edward,Cathy,7,0.0803212851406
34,M,25,4,English,1,cookies,10,some,Edward,Cathy,8,0.0883534136546
34,M,25,4,English,1,cookies,10,some,Edward,Cathy,9,0.0803212851406
34,M,25,4,English,1,cookies,10,some,Edward,Cathy,10,0.0803212851406
34,M,25,4,English,2,M&M's,10,all,Bob,Albert,0,0.0866141732283
34,M,25,4,English,2,M&M's,10,all,Bob,Albert,1,0.0984251968504
34,M,25,4,English,2,M&M's,10,all,Bob,Albert,2,0.11811023622
34,M,25,4,English,2,M&M's,10,all,Bob,Albert,3,0.0944881889764
34,M,25,4,English,2,M&M's,10,all,Bob,Albert,4,0.129921259843
34,M,25,4,English,2,M&M's,10,all,Bob,Albert,5,0.102362204724
34,M,25,4,English,2,M&M's,10,all,Bob,Albert,6,0.0590551181102
34,M,25,4,English,2,M&M's,10,all,Bob,Albert,7,0.0905511811024
34,M,25,4,English,2,M&M's,10,all,Bob,Albert,8,0.0511811023622
34,M,25,4,English,2,M&M's,10,all,Bob,Albert,9,0.0866141732283
34,M,25,4,English,2,M&M's,10,all,Bob,Albert,10,0.0826771653543
34,M,25,4,English,3,pies,10,some,Frank,Emma,0,0.105058365759
34,M,25,4,English,3,pies,10,some,Frank,Emma,1,0.0583657587549
34,M,25,4,English,3,pies,10,some,Frank,Emma,2,0.128404669261
34,M,25,4,English,3,pies,10,some,Frank,Emma,3,0.0894941634241
34,M,25,4,English,3,pies,10,some,Frank,Emma,4,0.0894941634241
34,M,25,4,English,3,pies,10,some,Frank,Emma,5,0.0622568093385
34,M,25,4,English,3,pies,10,some,Frank,Emma,6,0.0894941634241
34,M,25,4,English,3,pies,10,some,Frank,Emma,7,0.0894941634241
34,M,25,4,English,3,pies,10,some,Frank,Emma,8,0.11673151751
34,M,25,4,English,3,pies,10,some,Frank,Emma,9,0.0856031128405
34,M,25,4,English,3,pies,10,some,Frank,Emma,10,0.0856031128405
35,F,35,4,english,1,cookies,10,some,Fiona,Ann,0,0.0
35,F,35,4,english,1,cookies,10,some,Fiona,Ann,1,0.493827160494
35,F,35,4,english,1,cookies,10,some,Fiona,Ann,2,0.481481481481
35,F,35,4,english,1,cookies,10,some,Fiona,Ann,3,0.0
35,F,35,4,english,1,cookies,10,some,Fiona,Ann,4,0.0
35,F,35,4,english,1,cookies,10,some,Fiona,Ann,5,0.0
35,F,35,4,english,1,cookies,10,some,Fiona,Ann,6,0.0123456790123
35,F,35,4,english,1,cookies,10,some,Fiona,Ann,7,0.0
35,F,35,4,english,1,cookies,10,some,Fiona,Ann,8,0.0123456790123
35,F,35,4,english,1,cookies,10,some,Fiona,Ann,9,0.0
35,F,35,4,english,1,cookies,10,some,Fiona,Ann,10,0.0
35,F,35,4,english,2,pies,10,all,Frank,Diana,0,0.0
35,F,35,4,english,2,pies,10,all,Frank,Diana,1,1.0
35,F,35,4,english,2,pies,10,all,Frank,Diana,2,0.0
35,F,35,4,english,2,pies,10,all,Frank,Diana,3,0.0
35,F,35,4,english,2,pies,10,all,Frank,Diana,4,0.0
35,F,35,4,english,2,pies,10,all,Frank,Diana,5,0.0
35,F,35,4,english,2,pies,10,all,Frank,Diana,6,0.0
35,F,35,4,english,2,pies,10,all,Frank,Diana,7,0.0
35,F,35,4,english,2,pies,10,all,Frank,Diana,8,0.0
35,F,35,4,english,2,pies,10,all,Frank,Diana,9,0.0
35,F,35,4,english,2,pies,10,all,Frank,Diana,10,0.0
35,F,35,4,english,3,M&M's,10,all,Cathy,David,0,0.0
35,F,35,4,english,3,M&M's,10,all,Cathy,David,1,0.0
35,F,35,4,english,3,M&M's,10,all,Cathy,David,2,0.0
35,F,35,4,english,3,M&M's,10,all,Cathy,David,3,0.0
35,F,35,4,english,3,M&M's,10,all,Cathy,David,4,0.0
35,F,35,4,english,3,M&M's,10,all,Cathy,David,5,0.127516778523
35,F,35,4,english,3,M&M's,10,all,Cathy,David,6,0.127516778523
35,F,35,4,english,3,M&M's,10,all,Cathy,David,7,0.127516778523
35,F,35,4,english,3,M&M's,10,all,Cathy,David,8,0.127516778523
35,F,35,4,english,3,M&M's,10,all,Cathy,David,9,0.221476510067
35,F,35,4,english,3,M&M's,10,all,Cathy,David,10,0.268456375839
36,M,25,4,English,1,pies,10,some,Diana,David,0,0.0
36,M,25,4,English,1,pies,10,some,Diana,David,1,0.464788732394
36,M,25,4,English,1,pies,10,some,Diana,David,2,0.338028169014
36,M,25,4,English,1,pies,10,some,Diana,David,3,0.197183098592
36,M,25,4,English,1,pies,10,some,Diana,David,4,0.0
36,M,25,4,English,1,pies,10,some,Diana,David,5,0.0
36,M,25,4,English,1,pies,10,some,Diana,David,6,0.0
36,M,25,4,English,1,pies,10,some,Diana,David,7,0.0
36,M,25,4,English,1,pies,10,some,Diana,David,8,0.0
36,M,25,4,English,1,pies,10,some,Diana,David,9,0.0
36,M,25,4,English,1,pies,10,some,Diana,David,10,0.0
36,M,25,4,English,2,M&M's,10,some,Calvin,Emma,0,0.0
36,M,25,4,English,2,M&M's,10,some,Calvin,Emma,1,0.29197080292
36,M,25,4,English,2,M&M's,10,some,Calvin,Emma,2,0.21897810219
36,M,25,4,English,2,M&M's,10,some,Calvin,Emma,3,0.167883211679
36,M,25,4,English,2,M&M's,10,some,Calvin,Emma,4,0.102189781022
36,M,25,4,English,2,M&M's,10,some,Calvin,Emma,5,0.0656934306569
36,M,25,4,English,2,M&M's,10,some,Calvin,Emma,6,0.0510948905109
36,M,25,4,English,2,M&M's,10,some,Calvin,Emma,7,0.043795620438
36,M,25,4,English,2,M&M's,10,some,Calvin,Emma,8,0.036496350365
36,M,25,4,English,2,M&M's,10,some,Calvin,Emma,9,0.021897810219
36,M,25,4,English,2,M&M's,10,some,Calvin,Emma,10,0.0
36,M,25,4,English,3,cookies,10,some,Frank,Ann,0,0.0
36,M,25,4,English,3,cookies,10,some,Frank,Ann,1,0.222222222222
36,M,25,4,English,3,cookies,10,some,Frank,Ann,2,0.19298245614
36,M,25,4,English,3,cookies,10,some,Frank,Ann,3,0.163742690058
36,M,25,4,English,3,cookies,10,some,Frank,Ann,4,0.140350877193
36,M,25,4,English,3,cookies,10,some,Frank,Ann,5,0.116959064327
36,M,25,4,English,3,cookies,10,some,Frank,Ann,6,0.093567251462
36,M,25,4,English,3,cookies,10,some,Frank,Ann,7,0.0701754385965
36,M,25,4,English,3,cookies,10,some,Frank,Ann,8,0.0
36,M,25,4,English,3,cookies,10,some,Frank,Ann,9,0.0
36,M,25,4,English,3,cookies,10,some,Frank,Ann,10,0.0
37,F,35,4,English,1,cookies,10,some,Cathy,Edward,0,0.080985915493
37,F,35,4,English,1,cookies,10,some,Cathy,Edward,1,0.130281690141
37,F,35,4,English,1,cookies,10,some,Cathy,Edward,2,0.12323943662
37,F,35,4,English,1,cookies,10,some,Cathy,Edward,3,0.112676056338
37,F,35,4,English,1,cookies,10,some,Cathy,Edward,4,0.109154929577
37,F,35,4,English,1,cookies,10,some,Cathy,Edward,5,0.0915492957746
37,F,35,4,English,1,cookies,10,some,Cathy,Edward,6,0.0704225352113
37,F,35,4,English,1,cookies,10,some,Cathy,Edward,7,0.0704225352113
37,F,35,4,English,1,cookies,10,some,Cathy,Edward,8,0.0704225352113
37,F,35,4,English,1,cookies,10,some,Cathy,Edward,9,0.0704225352113
37,F,35,4,English,1,cookies,10,some,Cathy,Edward,10,0.0704225352113
37,F,35,4,English,2,pies,10,all,Diana,Fiona,0,0.258333333333
37,F,35,4,English,2,pies,10,all,Diana,Fiona,1,0.316666666667
37,F,35,4,English,2,pies,10,all,Diana,Fiona,2,0.308333333333
37,F,35,4,English,2,pies,10,all,Diana,Fiona,3,0.0833333333333
37,F,35,4,English,2,pies,10,all,Diana,Fiona,4,0.00833333333333
37,F,35,4,English,2,pies,10,all,Diana,Fiona,5,0.0
37,F,35,4,English,2,pies,10,all,Diana,Fiona,6,0.00833333333333
37,F,35,4,English,2,pies,10,all,Diana,Fiona,7,0.00833333333333
37,F,35,4,English,2,pies,10,all,Diana,Fiona,8,0.00833333333333
37,F,35,4,English,2,pies,10,all,Diana,Fiona,9,0.0
37,F,35,4,English,2,pies,10,all,Diana,Fiona,10,0.0
37,F,35,4,English,3,M&M's,10,some,Emma,David,0,0.0026525198939
37,F,35,4,English,3,M&M's,10,some,Emma,David,1,0.0689655172414
37,F,35,4,English,3,M&M's,10,some,Emma,David,2,0.106100795756
37,F,35,4,English,3,M&M's,10,some,Emma,David,3,0.0981432360743
37,F,35,4,English,3,M&M's,10,some,Emma,David,4,0.103448275862
37,F,35,4,English,3,M&M's,10,some,Emma,David,5,0.103448275862
37,F,35,4,English,3,M&M's,10,some,Emma,David,6,0.103448275862
37,F,35,4,English,3,M&M's,10,some,Emma,David,7,0.103448275862
37,F,35,4,English,3,M&M's,10,some,Emma,David,8,0.103448275862
37,F,35,4,English,3,M&M's,10,some,Emma,David,9,0.103448275862
37,F,35,4,English,3,M&M's,10,some,Emma,David,10,0.103448275862
38,F,25,6,English,1,cookies,10,some,Fiona,David,0,0.0
38,F,25,6,English,1,cookies,10,some,Fiona,David,1,0.152380952381
38,F,25,6,English,1,cookies,10,some,Fiona,David,2,0.147619047619
38,F,25,6,English,1,cookies,10,some,Fiona,David,3,0.128571428571
38,F,25,6,English,1,cookies,10,some,Fiona,David,4,0.0952380952381
38,F,25,6,English,1,cookies,10,some,Fiona,David,5,0.0952380952381
38,F,25,6,English,1,cookies,10,some,Fiona,David,6,0.0952380952381
38,F,25,6,English,1,cookies,10,some,Fiona,David,7,0.0952380952381
38,F,25,6,English,1,cookies,10,some,Fiona,David,8,0.0952380952381
38,F,25,6,English,1,cookies,10,some,Fiona,David,9,0.0952380952381
38,F,25,6,English,1,cookies,10,some,Fiona,David,10,0.0
38,F,25,6,English,2,pies,10,some,Barbara,Diana,0,0.0
38,F,25,6,English,2,pies,10,some,Barbara,Diana,1,0.193236714976
38,F,25,6,English,2,pies,10,some,Barbara,Diana,2,0.125603864734
38,F,25,6,English,2,pies,10,some,Barbara,Diana,3,0.101449275362
38,F,25,6,English,2,pies,10,some,Barbara,Diana,4,0.0966183574879
38,F,25,6,English,2,pies,10,some,Barbara,Diana,5,0.0966183574879
38,F,25,6,English,2,pies,10,some,Barbara,Diana,6,0.0966183574879
38,F,25,6,English,2,pies,10,some,Barbara,Diana,7,0.0966183574879
38,F,25,6,English,2,pies,10,some,Barbara,Diana,8,0.0966183574879
38,F,25,6,English,2,pies,10,some,Barbara,Diana,9,0.0966183574879
38,F,25,6,English,2,pies,10,some,Barbara,Diana,10,0.0
38,F,25,6,English,3,M&M's,10,all,Cathy,Emma,0,0.0
38,F,25,6,English,3,M&M's,10,all,Cathy,Emma,1,0.0
38,F,25,6,English,3,M&M's,10,all,Cathy,Emma,2,0.0
38,F,25,6,English,3,M&M's,10,all,Cathy,Emma,3,0.0
38,F,25,6,English,3,M&M's,10,all,Cathy,Emma,4,0.0
38,F,25,6,English,3,M&M's,10,all,Cathy,Emma,5,0.0
38,F,25,6,English,3,M&M's,10,all,Cathy,Emma,6,0.0
38,F,25,6,English,3,M&M's,10,all,Cathy,Emma,7,0.0
38,F,25,6,English,3,M&M's,10,all,Cathy,Emma,8,0.0
38,F,25,6,English,3,M&M's,10,all,Cathy,Emma,9,0.0
38,F,25,6,English,3,M&M's,10,all,Cathy,Emma,10,1.0
39,F,55,11,English,1,pies,10,all,Frank,Barbara,0,0.571428571429
39,F,55,11,English,1,pies,10,all,Frank,Barbara,1,0.4
39,F,55,11,English,1,pies,10,all,Frank,Barbara,2,0.0
39,F,55,11,English,1,pies,10,all,Frank,Barbara,3,0.0
39,F,55,11,English,1,pies,10,all,Frank,Barbara,4,0.0285714285714
39,F,55,11,English,1,pies,10,all,Frank,Barbara,5,0.0
39,F,55,11,English,1,pies,10,all,Frank,Barbara,6,0.0
39,F,55,11,English,1,pies,10,all,Frank,Barbara,7,0.0
39,F,55,11,English,1,pies,10,all,Frank,Barbara,8,0.0
39,F,55,11,English,1,pies,10,all,Frank,Barbara,9,0.0
39,F,55,11,English,1,pies,10,all,Frank,Barbara,10,0.0
39,F,55,11,English,2,M&M's,10,some,Albert,Bob,0,0.0909090909091
39,F,55,11,English,2,M&M's,10,some,Albert,Bob,1,0.0909090909091
39,F,55,11,English,2,M&M's,10,some,Albert,Bob,2,0.0909090909091
39,F,55,11,English,2,M&M's,10,some,Albert,Bob,3,0.0909090909091
39,F,55,11,English,2,M&M's,10,some,Albert,Bob,4,0.0909090909091
39,F,55,11,English,2,M&M's,10,some,Albert,Bob,5,0.0909090909091
39,F,55,11,English,2,M&M's,10,some,Albert,Bob,6,0.0909090909091
39,F,55,11,English,2,M&M's,10,some,Albert,Bob,7,0.0909090909091
39,F,55,11,English,2,M&M's,10,some,Albert,Bob,8,0.0909090909091
39,F,55,11,English,2,M&M's,10,some,Albert,Bob,9,0.0909090909091
39,F,55,11,English,2,M&M's,10,some,Albert,Bob,10,0.0909090909091
39,F,55,11,English,3,cookies,10,all,Calvin,Edward,0,0.0909090909091
39,F,55,11,English,3,cookies,10,all,Calvin,Edward,1,0.0909090909091
39,F,55,11,English,3,cookies,10,all,Calvin,Edward,2,0.0909090909091
39,F,55,11,English,3,cookies,10,all,Calvin,Edward,3,0.0909090909091
39,F,55,11,English,3,cookies,10,all,Calvin,Edward,4,0.0909090909091
39,F,55,11,English,3,cookies,10,all,Calvin,Edward,5,0.0909090909091
39,F,55,11,English,3,cookies,10,all,Calvin,Edward,6,0.0909090909091
39,F,55,11,English,3,cookies,10,all,Calvin,Edward,7,0.0909090909091
39,F,55,11,English,3,cookies,10,all,Calvin,Edward,8,0.0909090909091
39,F,55,11,English,3,cookies,10,all,Calvin,Edward,9,0.0909090909091
39,F,55,11,English,3,cookies,10,all,Calvin,Edward,10,0.0909090909091
40,F,35,4,english,1,cookies,10,all,Frank,Cathy,0,0.0526315789474
40,F,35,4,english,1,cookies,10,all,Frank,Cathy,1,0.105263157895
40,F,35,4,english,1,cookies,10,all,Frank,Cathy,2,0.105263157895
40,F,35,4,english,1,cookies,10,all,Frank,Cathy,3,0.105263157895
40,F,35,4,english,1,cookies,10,all,Frank,Cathy,4,0.105263157895
40,F,35,4,english,1,cookies,10,all,Frank,Cathy,5,0.0526315789474
40,F,35,4,english,1,cookies,10,all,Frank,Cathy,6,0.105263157895
40,F,35,4,english,1,cookies,10,all,Frank,Cathy,7,0.105263157895
40,F,35,4,english,1,cookies,10,all,Frank,Cathy,8,0.105263157895
40,F,35,4,english,1,cookies,10,all,Frank,Cathy,9,0.105263157895
40,F,35,4,english,1,cookies,10,all,Frank,Cathy,10,0.0526315789474
40,F,35,4,english,2,pies,10,some,Diana,Albert,0,0.106382978723
40,F,35,4,english,2,pies,10,some,Diana,Albert,1,0.0851063829787
40,F,35,4,english,2,pies,10,some,Diana,Albert,2,0.255319148936
40,F,35,4,english,2,pies,10,some,Diana,Albert,3,0.0
40,F,35,4,english,2,pies,10,some,Diana,Albert,4,0.106382978723
40,F,35,4,english,2,pies,10,some,Diana,Albert,5,0.0851063829787
40,F,35,4,english,2,pies,10,some,Diana,Albert,6,0.148936170213
40,F,35,4,english,2,pies,10,some,Diana,Albert,7,0.0212765957447
40,F,35,4,english,2,pies,10,some,Diana,Albert,8,0.0
40,F,35,4,english,2,pies,10,some,Diana,Albert,9,0.191489361702
40,F,35,4,english,2,pies,10,some,Diana,Albert,10,0.0
40,F,35,4,english,3,M&M's,10,all,Barbara,David,0,0.0981012658228
40,F,35,4,english,3,M&M's,10,all,Barbara,David,1,0.0981012658228
40,F,35,4,english,3,M&M's,10,all,Barbara,David,2,0.110759493671
40,F,35,4,english,3,M&M's,10,all,Barbara,David,3,0.0822784810127
40,F,35,4,english,3,M&M's,10,all,Barbara,David,4,0.0886075949367
40,F,35,4,english,3,M&M's,10,all,Barbara,David,5,0.0854430379747
40,F,35,4,english,3,M&M's,10,all,Barbara,David,6,0.0854430379747
40,F,35,4,english,3,M&M's,10,all,Barbara,David,7,0.0791139240506
40,F,35,4,english,3,M&M's,10,all,Barbara,David,8,0.0822784810127
40,F,35,4,english,3,M&M's,10,all,Barbara,David,9,0.0886075949367
40,F,35,4,english,3,M&M's,10,all,Barbara,David,10,0.101265822785
