workerID,gender,age,income,language,order,pesonA,personB,food,totalQuant,eatenQuant,preciseEatenQuant,probAffect
AU2FEBOQUK4PE,M,25,4,English,1,Ann,Henry,pies,10,3,3,0.725
AU2FEBOQUK4PE,M,25,4,English,2,Edward,Winston,bananas,100,9,94,0.975
AU2FEBOQUK4PE,M,25,4,English,3,Jake,Robert,blueberries,100,9,97,0.975
AU2FEBOQUK4PE,M,25,4,English,4,Heather,Calvin,bananas,100,5,58,1
AU2FEBOQUK4PE,M,25,4,English,5,Nancy,Nathan,strawberries,10,7,7,0.975
AU2FEBOQUK4PE,M,25,4,English,6,Kathy,Yvonne,M&M's,10,0,0,0.025
AU2FEBOQUK4PE,M,25,4,English,7,Cathy,Patrick,M&M's,100,10,100,0.5
AU2FEBOQUK4PE,M,25,4,English,8,Larry,Oliver,strawberries,10,2,2,0.1
AU2FEBOQUK4PE,M,25,4,English,9,Steven,Wendy,M&M's,100,9,94,0.975
AU2FEBOQUK4PE,M,25,4,English,10,Grace,Kevin,pies,10,0,0,0
AU2FEBOQUK4PE,M,25,4,English,11,David,Tracy,bananas,10,7,7,0.85
AU2FEBOQUK4PE,M,25,4,English,12,Patty,Victoria,bananas,10,8,8,0.8
AU2FEBOQUK4PE,M,25,4,English,13,Emma,Barbara,blueberries,10,0,0,0
AU2FEBOQUK4PE,M,25,4,English,14,Albert,Ivan,cookies,10,6,6,0.625
AU2FEBOQUK4PE,M,25,4,English,15,Jane,Zack,cookies,100,5,55,0.525
AU2FEBOQUK4PE,M,25,4,English,16,Tom,Rebecca,strawberries,100,10,100,0.975
AU2FEBOQUK4PE,M,25,4,English,17,Diana,Victor,pies,100,6,61,0.975
AU2FEBOQUK4PE,M,25,4,English,18,Matt,Stephanie,strawberries,100,4,45,0.975
AU2FEBOQUK4PE,M,25,4,English,19,Bob,George,bananas,10,3,3,0.425
AU2FEBOQUK4PE,M,25,4,English,20,Fiona,Frank,strawberries,100,3,34,0.6
AU2FEBOQUK4PE,M,25,4,English,21,Iris,Olga,blueberries,100,3,33,0.575
AU2FEBOQUK4PE,M,25,4,English,22,Mary,Lena,cookies,10,7,7,0.75
ASWM4CCJAAHS0,F,25,6,English,1,Victor,Grace,bananas,100,6,60,1
ASWM4CCJAAHS0,F,25,6,English,2,Nancy,Victoria,cookies,10,5,5,0.575
ASWM4CCJAAHS0,F,25,6,English,3,Robert,Olga,pies,10,2,2,1
ASWM4CCJAAHS0,F,25,6,English,4,Winston,Kathy,cookies,100,10,100,1
ASWM4CCJAAHS0,F,25,6,English,5,Oliver,Patrick,bananas,100,3,33,0.75
ASWM4CCJAAHS0,F,25,6,English,6,Heather,Larry,blueberries,100,3,37,0.3
ASWM4CCJAAHS0,F,25,6,English,7,Mary,Kevin,bananas,100,4,44,0.725
ASWM4CCJAAHS0,F,25,6,English,8,Diana,Iris,M&M's,100,7,75,0.65
ASWM4CCJAAHS0,F,25,6,English,9,Ann,Calvin,M&M's,100,5,51,0.525
ASWM4CCJAAHS0,F,25,6,English,10,Bob,Nathan,strawberries,10,4,4,0
ASWM4CCJAAHS0,F,25,6,English,11,Jake,George,blueberries,100,2,22,0.175
ASWM4CCJAAHS0,F,25,6,English,12,Tom,Matt,bananas,10,0,0,0
ASWM4CCJAAHS0,F,25,6,English,13,Emma,Barbara,pies,100,10,100,1
ASWM4CCJAAHS0,F,25,6,English,14,Rebecca,Steven,bananas,10,8,8,0.85
ASWM4CCJAAHS0,F,25,6,English,15,David,Cathy,blueberries,10,7,7,0
ASWM4CCJAAHS0,F,25,6,English,16,Edward,Stephanie,M&M's,100,1,12,0
ASWM4CCJAAHS0,F,25,6,English,17,Frank,Wendy,blueberries,10,2,2,0
ASWM4CCJAAHS0,F,25,6,English,18,Albert,Ivan,pies,10,4,4,1
ASWM4CCJAAHS0,F,25,6,English,19,Tracy,Henry,M&M's,100,2,21,0
ASWM4CCJAAHS0,F,25,6,English,20,Jane,Lena,cookies,100,6,66,1
ASWM4CCJAAHS0,F,25,6,English,21,Yvonne,Zack,cookies,10,8,8,0.75
ASWM4CCJAAHS0,F,25,6,English,22,Fiona,Patty,M&M's,10,2,2,0
A2RMODQCL071B5,F,25,4,arabic,1,Henry,Albert,bananas,100,4,43,0.25
A2RMODQCL071B5,F,25,4,arabic,2,Tom,Matt,cookies,100,10,100,0.25
A2RMODQCL071B5,F,25,4,arabic,3,Jane,Patty,blueberries,10,1,1,0
A2RMODQCL071B5,F,25,4,arabic,4,Fiona,Victor,M&M's,10,3,3,0
A2RMODQCL071B5,F,25,4,arabic,5,Bob,Yvonne,pies,10,9,9,0.6
A2RMODQCL071B5,F,25,4,arabic,6,Winston,Lena,blueberries,100,1,19,0.25
A2RMODQCL071B5,F,25,4,arabic,7,Stephanie,Zack,M&M's,10,9,9,0.75
A2RMODQCL071B5,F,25,4,arabic,8,Steven,Ann,strawberries,10,9,9,0.75
A2RMODQCL071B5,F,25,4,arabic,9,Diana,Oliver,bananas,10,8,8,0.75
A2RMODQCL071B5,F,25,4,arabic,10,Frank,Barbara,cookies,10,8,8,0.75
A2RMODQCL071B5,F,25,4,arabic,11,Mary,Emma,cookies,100,2,20,0.25
A2RMODQCL071B5,F,25,4,arabic,12,Ivan,Olga,blueberries,10,3,3,0.25
A2RMODQCL071B5,F,25,4,arabic,13,Robert,George,blueberries,10,4,4,0.275
A2RMODQCL071B5,F,25,4,arabic,14,Patrick,Grace,cookies,10,10,10,1
A2RMODQCL071B5,F,25,4,arabic,15,Jake,Iris,blueberries,10,10,10,1
A2RMODQCL071B5,F,25,4,arabic,16,Nathan,Tracy,blueberries,10,2,2,0.075
A2RMODQCL071B5,F,25,4,arabic,17,Kathy,Rebecca,cookies,10,1,1,0
A2RMODQCL071B5,F,25,4,arabic,18,Larry,Wendy,blueberries,100,7,72,0.775
A2RMODQCL071B5,F,25,4,arabic,19,Edward,Calvin,blueberries,100,10,100,1
A2RMODQCL071B5,F,25,4,arabic,20,David,Nancy,strawberries,10,8,8,0.75
A2RMODQCL071B5,F,25,4,arabic,21,Victoria,Kevin,M&M's,100,4,46,0.6
A2RMODQCL071B5,F,25,4,arabic,22,Heather,Cathy,pies,100,2,26,0.225
A2LVAD3U0MFOIM,F,35,10,English,1,Patty,Edward,cookies,10,8,8,0.75
A2LVAD3U0MFOIM,F,35,10,English,2,Kevin,Cathy,strawberries,100,4,40,0.625
A2LVAD3U0MFOIM,F,35,10,English,3,Kathy,Robert,strawberries,10,3,3,0.15
A2LVAD3U0MFOIM,F,35,10,English,4,David,Rebecca,M&M's,10,7,7,0.2
A2LVAD3U0MFOIM,F,35,10,English,5,Patrick,Calvin,blueberries,100,0,0,0
A2LVAD3U0MFOIM,F,35,10,English,6,Victoria,Jake,M&M's,10,0,0,0
A2LVAD3U0MFOIM,F,35,10,English,7,Stephanie,Jane,pies,100,0,3,0.675
A2LVAD3U0MFOIM,F,35,10,English,8,Diana,Fiona,bananas,100,1,15,0.6
A2LVAD3U0MFOIM,F,35,10,English,9,Nancy,Barbara,strawberries,100,0,5,0
A2LVAD3U0MFOIM,F,35,10,English,10,Lena,Larry,M&M's,100,10,100,0.55
A2LVAD3U0MFOIM,F,35,10,English,11,Tracy,Mary,bananas,10,9,9,0.725
A2LVAD3U0MFOIM,F,35,10,English,12,Steven,Emma,cookies,10,9,9,0.725
A2LVAD3U0MFOIM,F,35,10,English,13,Bob,Tom,strawberries,10,5,5,0.15
A2LVAD3U0MFOIM,F,35,10,English,14,Henry,Victor,pies,100,5,54,1
A2LVAD3U0MFOIM,F,35,10,English,15,Oliver,Albert,pies,100,7,71,1
A2LVAD3U0MFOIM,F,35,10,English,16,Zack,Grace,M&M's,10,2,2,0
A2LVAD3U0MFOIM,F,35,10,English,17,Yvonne,Heather,blueberries,100,8,87,0.675
A2LVAD3U0MFOIM,F,35,10,English,18,Olga,Nathan,M&M's,100,2,20,0.05
A2LVAD3U0MFOIM,F,35,10,English,19,Frank,Matt,strawberries,10,1,1,0
A2LVAD3U0MFOIM,F,35,10,English,20,Ann,George,bananas,10,6,6,0.5
A2LVAD3U0MFOIM,F,35,10,English,21,Wendy,Iris,blueberries,10,9,9,0.125
A2LVAD3U0MFOIM,F,35,10,English,22,Winston,Ivan,M&M's,10,4,4,0.15
A1GGAQ3OESI3HJ,F,25,4,English,1,Heather,Patrick,M&M's,100,2,24,0.65
A1GGAQ3OESI3HJ,F,25,4,English,2,Ivan,Patty,strawberries,10,10,10,0.95
A1GGAQ3OESI3HJ,F,25,4,English,3,George,Barbara,strawberries,10,8,8,0.875
A1GGAQ3OESI3HJ,F,25,4,English,4,Zack,Rebecca,blueberries,10,0,0,0.2
A1GGAQ3OESI3HJ,F,25,4,English,5,Olga,David,strawberries,100,1,18,0.425
A1GGAQ3OESI3HJ,F,25,4,English,6,Fiona,Mary,bananas,10,4,4,0.175
A1GGAQ3OESI3HJ,F,25,4,English,7,Ann,Matt,M&M's,10,6,6,0.6
A1GGAQ3OESI3HJ,F,25,4,English,8,Tom,Tracy,M&M's,100,4,46,0.4
A1GGAQ3OESI3HJ,F,25,4,English,9,Grace,Albert,bananas,100,10,100,0.275
A1GGAQ3OESI3HJ,F,25,4,English,10,Diana,Larry,strawberries,10,1,1,0.8
A1GGAQ3OESI3HJ,F,25,4,English,11,Cathy,Victor,strawberries,100,9,91,0.125
A1GGAQ3OESI3HJ,F,25,4,English,12,Steven,Bob,cookies,10,2,2,0.65
A1GGAQ3OESI3HJ,F,25,4,English,13,Jane,Henry,blueberries,100,4,49,0.15
A1GGAQ3OESI3HJ,F,25,4,English,14,Wendy,Stephanie,strawberries,10,7,7,0.625
A1GGAQ3OESI3HJ,F,25,4,English,15,Winston,Emma,M&M's,10,9,9,0.05
A1GGAQ3OESI3HJ,F,25,4,English,16,Lena,Calvin,blueberries,10,1,1,0.05
A1GGAQ3OESI3HJ,F,25,4,English,17,Iris,Jake,blueberries,10,4,4,0.275
A1GGAQ3OESI3HJ,F,25,4,English,18,Frank,Oliver,blueberries,10,8,8,0.825
A1GGAQ3OESI3HJ,F,25,4,English,19,Kevin,Edward,pies,10,10,10,0.075
A1GGAQ3OESI3HJ,F,25,4,English,20,Yvonne,Robert,blueberries,10,5,5,0.5
A1GGAQ3OESI3HJ,F,25,4,English,21,Nancy,Victoria,blueberries,100,7,77,0.65
A1GGAQ3OESI3HJ,F,25,4,English,22,Kathy,Nathan,M&M's,10,0,0,0.95
A36MTY8RSWBZU7,F,55,4,English,1,Winston,Rebecca,M&M's,10,1,1,0.125
A36MTY8RSWBZU7,F,55,4,English,2,Kevin,Bob,cookies,10,5,5,0.525
A36MTY8RSWBZU7,F,55,4,English,3,Barbara,Oliver,bananas,10,3,3,0.475
A36MTY8RSWBZU7,F,55,4,English,4,Robert,David,blueberries,100,4,49,0.625
A36MTY8RSWBZU7,F,55,4,English,5,Jake,Albert,M&M's,10,7,7,0.75
A36MTY8RSWBZU7,F,55,4,English,6,Diana,George,M&M's,100,2,27,0.425
A36MTY8RSWBZU7,F,55,4,English,7,Matt,Zack,pies,100,7,78,0.925
A36MTY8RSWBZU7,F,55,4,English,8,Patrick,Ivan,pies,100,0,8,0.175
A36MTY8RSWBZU7,F,55,4,English,9,Edward,Patty,M&M's,100,8,86,0.625
A36MTY8RSWBZU7,F,55,4,English,10,Iris,Larry,blueberries,100,8,87,0.675
A36MTY8RSWBZU7,F,55,4,English,11,Tom,Lena,bananas,10,6,6,0.725
A36MTY8RSWBZU7,F,55,4,English,12,Ann,Yvonne,strawberries,100,0,7,0.1
A36MTY8RSWBZU7,F,55,4,English,13,Steven,Frank,pies,100,3,39,0.625
A36MTY8RSWBZU7,F,55,4,English,14,Wendy,Stephanie,pies,10,8,8,0.575
A36MTY8RSWBZU7,F,55,4,English,15,Fiona,Victoria,blueberries,10,5,5,0.475
A36MTY8RSWBZU7,F,55,4,English,16,Jane,Emma,bananas,10,10,10,1
A36MTY8RSWBZU7,F,55,4,English,17,Cathy,Kathy,strawberries,100,4,45,0.525
A36MTY8RSWBZU7,F,55,4,English,18,Calvin,Heather,M&M's,100,7,75,0.525
A36MTY8RSWBZU7,F,55,4,English,19,Victor,Mary,blueberries,100,2,28,0.375
A36MTY8RSWBZU7,F,55,4,English,20,Tracy,Nathan,M&M's,100,5,59,0.525
A36MTY8RSWBZU7,F,55,4,English,21,Grace,Olga,blueberries,100,1,12,0
A36MTY8RSWBZU7,F,55,4,English,22,Nancy,Henry,strawberries,100,5,54,0.65
A1ATW3MJ0DB22C,F,35,8,Chinese,1,Tom,Tracy,bananas,100,10,100,0.75
A1ATW3MJ0DB22C,F,35,8,Chinese,2,Lena,Stephanie,pies,10,6,6,0.75
A1ATW3MJ0DB22C,F,35,8,Chinese,3,Patty,David,bananas,10,6,6,0.75
A1ATW3MJ0DB22C,F,35,8,Chinese,4,Wendy,Ivan,bananas,10,0,0,0.5
A1ATW3MJ0DB22C,F,35,8,Chinese,5,Barbara,Patrick,pies,100,2,21,0.25
A1ATW3MJ0DB22C,F,35,8,Chinese,6,Kevin,George,M&M's,10,1,1,0.5
A1ATW3MJ0DB22C,F,35,8,Chinese,7,Jake,Fiona,blueberries,100,9,99,1
A1ATW3MJ0DB22C,F,35,8,Chinese,8,Iris,Ann,strawberries,100,5,52,0.75
A1ATW3MJ0DB22C,F,35,8,Chinese,9,Emma,Jane,strawberries,10,8,8,0.875
A1ATW3MJ0DB22C,F,35,8,Chinese,10,Larry,Victor,bananas,100,7,73,0.825
A1ATW3MJ0DB22C,F,35,8,Chinese,11,Grace,Cathy,cookies,100,6,62,0.75
A1ATW3MJ0DB22C,F,35,8,Chinese,12,Nancy,Olga,strawberries,10,9,9,0.925
A1ATW3MJ0DB22C,F,35,8,Chinese,13,Nathan,Winston,pies,10,7,7,0.85
A1ATW3MJ0DB22C,F,35,8,Chinese,14,Frank,Steven,bananas,100,9,93,0.975
A1ATW3MJ0DB22C,F,35,8,Chinese,15,Oliver,Henry,cookies,100,8,86,0.925
A1ATW3MJ0DB22C,F,35,8,Chinese,16,Robert,Victoria,pies,10,9,9,0.975
A1ATW3MJ0DB22C,F,35,8,Chinese,17,Heather,Diana,blueberries,100,5,56,0.75
A1ATW3MJ0DB22C,F,35,8,Chinese,18,Matt,Kathy,pies,100,6,65,0.75
A1ATW3MJ0DB22C,F,35,8,Chinese,19,Mary,Yvonne,strawberries,10,7,7,0.725
A1ATW3MJ0DB22C,F,35,8,Chinese,20,Edward,Bob,bananas,100,6,66,0.75
A1ATW3MJ0DB22C,F,35,8,Chinese,21,Calvin,Zack,cookies,10,7,7,0.775
A1ATW3MJ0DB22C,F,35,8,Chinese,22,Rebecca,Albert,pies,100,8,82,0.85
A18WSAKX5YN2FB,F,35,4,English,1,Zack,Jane,pies,10,4,4,0.75
A18WSAKX5YN2FB,F,35,4,English,2,Fiona,George,M&M's,100,9,92,0.75
A18WSAKX5YN2FB,F,35,4,English,3,Bob,David,M&M's,10,10,10,0.25
A18WSAKX5YN2FB,F,35,4,English,4,Cathy,Albert,blueberries,100,7,75,0.5
A18WSAKX5YN2FB,F,35,4,English,5,Kevin,Larry,bananas,10,6,6,0.5
A18WSAKX5YN2FB,F,35,4,English,6,Stephanie,Ivan,pies,10,6,6,0.75
A18WSAKX5YN2FB,F,35,4,English,7,Yvonne,Calvin,bananas,100,4,44,0.5
A18WSAKX5YN2FB,F,35,4,English,8,Winston,Ann,bananas,10,5,5,0.25
A18WSAKX5YN2FB,F,35,4,English,9,Barbara,Jake,blueberries,10,3,3,0.025
A18WSAKX5YN2FB,F,35,4,English,10,Rebecca,Oliver,blueberries,100,2,26,0.275
A18WSAKX5YN2FB,F,35,4,English,11,Frank,Wendy,cookies,100,1,16,0.5
A18WSAKX5YN2FB,F,35,4,English,12,Edward,Patty,bananas,10,2,2,0
A18WSAKX5YN2FB,F,35,4,English,13,Victor,Steven,pies,10,8,8,1
A18WSAKX5YN2FB,F,35,4,English,14,Olga,Nancy,pies,100,2,20,1
A18WSAKX5YN2FB,F,35,4,English,15,Tracy,Grace,M&M's,10,5,5,0.025
A18WSAKX5YN2FB,F,35,4,English,16,Victoria,Tom,blueberries,100,10,100,0.75
A18WSAKX5YN2FB,F,35,4,English,17,Heather,Patrick,bananas,10,8,8,0.5
A18WSAKX5YN2FB,F,35,4,English,18,Robert,Iris,bananas,100,1,16,0.5
A18WSAKX5YN2FB,F,35,4,English,19,Mary,Henry,bananas,100,0,1,0
A18WSAKX5YN2FB,F,35,4,English,20,Emma,Matt,M&M's,100,6,64,0.75
A18WSAKX5YN2FB,F,35,4,English,21,Nathan,Diana,blueberries,100,5,54,0.5
A18WSAKX5YN2FB,F,35,4,English,22,Kathy,Lena,blueberries,10,7,7,0.025
A1Q4CX6DHZFYF2,M,25,4,English,1,Kathy,Patrick,pies,100,7,70,0.775
A1Q4CX6DHZFYF2,M,25,4,English,2,Rebecca,Oliver,cookies,100,7,71,0.7
A1Q4CX6DHZFYF2,M,25,4,English,3,Diana,Victor,bananas,10,7,7,0.925
A1Q4CX6DHZFYF2,M,25,4,English,4,Matt,Tracy,strawberries,100,9,97,0.925
A1Q4CX6DHZFYF2,M,25,4,English,5,Iris,Cathy,strawberries,100,6,61,0.6
A1Q4CX6DHZFYF2,M,25,4,English,6,Stephanie,Bob,cookies,10,10,10,0.975
A1Q4CX6DHZFYF2,M,25,4,English,7,David,Kevin,bananas,100,2,29,0.325
A1Q4CX6DHZFYF2,M,25,4,English,8,Jake,Edward,blueberries,100,9,91,0.825
A1Q4CX6DHZFYF2,M,25,4,English,9,Patty,Nancy,strawberries,10,0,0,0.025
A1Q4CX6DHZFYF2,M,25,4,English,10,Fiona,Wendy,pies,10,9,9,0.925
A1Q4CX6DHZFYF2,M,25,4,English,11,Barbara,Victoria,cookies,100,6,62,0.725
A1Q4CX6DHZFYF2,M,25,4,English,12,Frank,Larry,M&M's,100,6,66,0.7
A1Q4CX6DHZFYF2,M,25,4,English,13,Lena,Nathan,cookies,10,0,0,0.025
A1Q4CX6DHZFYF2,M,25,4,English,14,Ann,Albert,pies,10,8,8,0.9
A1Q4CX6DHZFYF2,M,25,4,English,15,Zack,Emma,cookies,100,8,88,0.775
A1Q4CX6DHZFYF2,M,25,4,English,16,Tom,George,pies,100,9,99,0.9
A1Q4CX6DHZFYF2,M,25,4,English,17,Henry,Mary,blueberries,100,8,80,0.825
A1Q4CX6DHZFYF2,M,25,4,English,18,Winston,Ivan,strawberries,100,7,73,0.725
A1Q4CX6DHZFYF2,M,25,4,English,19,Robert,Olga,strawberries,100,3,34,0.225
A1Q4CX6DHZFYF2,M,25,4,English,20,Steven,Calvin,M&M's,10,0,0,0.05
A1Q4CX6DHZFYF2,M,25,4,English,21,Jane,Grace,pies,10,2,2,0.025
A1Q4CX6DHZFYF2,M,25,4,English,22,Heather,Yvonne,pies,100,1,15,0.05
A1IYCRA62VYFZK,M,45,4,English,1,Edward,Albert,M&M's,10,2,2,0.25
A1IYCRA62VYFZK,M,45,4,English,2,Patrick,Bob,cookies,100,5,51,0.75
A1IYCRA62VYFZK,M,45,4,English,3,Calvin,Frank,strawberries,100,8,89,0.75
A1IYCRA62VYFZK,M,45,4,English,4,Jake,Lena,blueberries,10,4,4,0.25
A1IYCRA62VYFZK,M,45,4,English,5,Larry,Steven,strawberries,100,6,62,0.75
A1IYCRA62VYFZK,M,45,4,English,6,Henry,Robert,pies,100,5,52,1
A1IYCRA62VYFZK,M,45,4,English,7,Oliver,Stephanie,M&M's,10,4,4,0.25
A1IYCRA62VYFZK,M,45,4,English,8,Rebecca,Olga,pies,10,3,3,0.5
A1IYCRA62VYFZK,M,45,4,English,9,Tom,Ann,M&M's,100,7,75,0.75
A1IYCRA62VYFZK,M,45,4,English,10,Iris,Heather,cookies,10,1,1,0
A1IYCRA62VYFZK,M,45,4,English,11,Grace,Kathy,M&M's,10,6,6,0.25
A1IYCRA62VYFZK,M,45,4,English,12,Victor,Nancy,bananas,100,6,60,0.85
A1IYCRA62VYFZK,M,45,4,English,13,Nathan,Wendy,pies,10,8,8,0.775
A1IYCRA62VYFZK,M,45,4,English,14,Matt,Jane,cookies,10,10,10,0.65
A1IYCRA62VYFZK,M,45,4,English,15,Barbara,David,blueberries,10,5,5,0.125
A1IYCRA62VYFZK,M,45,4,English,16,Mary,Yvonne,strawberries,10,1,1,0.025
A1IYCRA62VYFZK,M,45,4,English,17,Kevin,George,pies,100,7,75,0.875
A1IYCRA62VYFZK,M,45,4,English,18,Tracy,Victoria,M&M's,100,5,56,0.575
A1IYCRA62VYFZK,M,45,4,English,19,Ivan,Patty,strawberries,10,7,7,0.525
A1IYCRA62VYFZK,M,45,4,English,20,Winston,Emma,strawberries,10,6,6,0.5
A1IYCRA62VYFZK,M,45,4,English,21,Fiona,Cathy,blueberries,10,9,9,0.35
A1IYCRA62VYFZK,M,45,4,English,22,Zack,Diana,pies,100,6,63,0.775
AGPBP85B17VXL,M,25,4,English,1,Bob,Barbara,pies,100,10,100,0.75
AGPBP85B17VXL,M,25,4,English,2,Kathy,Patrick,cookies,100,3,37,0.5
AGPBP85B17VXL,M,25,4,English,3,Fiona,Ann,strawberries,10,1,1,0.725
AGPBP85B17VXL,M,25,4,English,4,Steven,Matt,blueberries,10,7,7,0.275
AGPBP85B17VXL,M,25,4,English,5,Henry,Nancy,pies,100,9,98,0.75
AGPBP85B17VXL,M,25,4,English,6,Iris,Diana,cookies,10,4,4,0.9
AGPBP85B17VXL,M,25,4,English,7,Heather,Grace,M&M's,10,4,4,0.65
AGPBP85B17VXL,M,25,4,English,8,Cathy,Zack,M&M's,10,0,0,0.725
AGPBP85B17VXL,M,25,4,English,9,Olga,Tom,cookies,10,5,5,0.625
AGPBP85B17VXL,M,25,4,English,10,Stephanie,Wendy,strawberries,10,6,6,0.75
AGPBP85B17VXL,M,25,4,English,11,Victor,Robert,bananas,10,7,7,0.775
AGPBP85B17VXL,M,25,4,English,12,Ivan,Mary,M&M's,10,6,6,0.75
AGPBP85B17VXL,M,25,4,English,13,Rebecca,Albert,cookies,100,7,75,0.7
AGPBP85B17VXL,M,25,4,English,14,Kevin,David,M&M's,100,3,39,1
AGPBP85B17VXL,M,25,4,English,15,Nathan,Emma,blueberries,10,0,0,0.6
AGPBP85B17VXL,M,25,4,English,16,Winston,Victoria,strawberries,100,3,38,0.5
AGPBP85B17VXL,M,25,4,English,17,Tracy,Jake,cookies,100,8,85,0.5
AGPBP85B17VXL,M,25,4,English,18,Jane,Yvonne,strawberries,10,7,7,0.3
AGPBP85B17VXL,M,25,4,English,19,Calvin,George,strawberries,100,1,18,0.525
AGPBP85B17VXL,M,25,4,English,20,Lena,Edward,M&M's,100,0,4,0.65
AGPBP85B17VXL,M,25,4,English,21,Oliver,Larry,blueberries,100,9,91,0.725
AGPBP85B17VXL,M,25,4,English,22,Frank,Patty,blueberries,100,10,100,0.725
AEJBG66WC3TCD,F,55,4,english,1,Oliver,Yvonne,cookies,10,8,8,0.75
AEJBG66WC3TCD,F,55,4,english,2,Barbara,Grace,strawberries,10,0,0,0
AEJBG66WC3TCD,F,55,4,english,3,Steven,Edward,cookies,100,8,85,1
AEJBG66WC3TCD,F,55,4,english,4,Stephanie,Victoria,M&M's,10,2,2,0
AEJBG66WC3TCD,F,55,4,english,5,Frank,Ann,bananas,100,7,79,1
AEJBG66WC3TCD,F,55,4,english,6,Diana,Matt,bananas,100,3,30,0.75
AEJBG66WC3TCD,F,55,4,english,7,Emma,George,blueberries,10,2,2,0
AEJBG66WC3TCD,F,55,4,english,8,Nathan,David,cookies,100,10,100,1
AEJBG66WC3TCD,F,55,4,english,9,Mary,Jane,bananas,100,9,95,1
AEJBG66WC3TCD,F,55,4,english,10,Zack,Larry,cookies,100,2,25,0.725
AEJBG66WC3TCD,F,55,4,english,11,Ivan,Patrick,M&M's,10,1,1,0
AEJBG66WC3TCD,F,55,4,english,12,Patty,Victor,blueberries,10,8,8,0.975
AEJBG66WC3TCD,F,55,4,english,13,Fiona,Olga,blueberries,100,10,100,0.975
AEJBG66WC3TCD,F,55,4,english,14,Tom,Kathy,bananas,10,2,2,0.025
AEJBG66WC3TCD,F,55,4,english,15,Bob,Tracy,bananas,10,0,0,0.025
AEJBG66WC3TCD,F,55,4,english,16,Henry,Cathy,M&M's,100,0,7,0
AEJBG66WC3TCD,F,55,4,english,17,Rebecca,Albert,bananas,10,3,3,0.25
AEJBG66WC3TCD,F,55,4,english,18,Lena,Kevin,blueberries,100,1,14,0
AEJBG66WC3TCD,F,55,4,english,19,Robert,Nancy,blueberries,10,6,6,0.75
AEJBG66WC3TCD,F,55,4,english,20,Calvin,Iris,cookies,10,5,5,0.75
AEJBG66WC3TCD,F,55,4,english,21,Wendy,Winston,cookies,100,9,90,0.975
AEJBG66WC3TCD,F,55,4,english,22,Jake,Heather,blueberries,100,2,28,0.25
A2D4JAIAKIO179,F,25,4,English,1,Zack,Albert,M&M's,100,8,81,0.575
A2D4JAIAKIO179,F,25,4,English,2,Diana,Larry,strawberries,100,10,100,0.675
A2D4JAIAKIO179,F,25,4,English,3,Patty,Tracy,pies,100,4,41,0.775
A2D4JAIAKIO179,F,25,4,English,4,George,Matt,strawberries,100,7,72,0.575
A2D4JAIAKIO179,F,25,4,English,5,Steven,Grace,cookies,100,8,83,0.8
A2D4JAIAKIO179,F,25,4,English,6,Heather,Barbara,M&M's,10,4,4,0.25
A2D4JAIAKIO179,F,25,4,English,7,Nancy,Bob,blueberries,10,3,3,0.475
A2D4JAIAKIO179,F,25,4,English,8,Stephanie,Tom,bananas,10,3,3,0.6
A2D4JAIAKIO179,F,25,4,English,9,Patrick,Victor,cookies,10,7,7,0.7
A2D4JAIAKIO179,F,25,4,English,10,Jane,Oliver,M&M's,100,7,79,0.7
A2D4JAIAKIO179,F,25,4,English,11,Rebecca,Fiona,strawberries,10,4,4,0.475
A2D4JAIAKIO179,F,25,4,English,12,Frank,Yvonne,M&M's,100,10,100,0.85
A2D4JAIAKIO179,F,25,4,English,13,Winston,Iris,blueberries,10,6,6,0.475
A2D4JAIAKIO179,F,25,4,English,14,Cathy,Kevin,M&M's,10,10,10,0.525
A2D4JAIAKIO179,F,25,4,English,15,Mary,Ivan,blueberries,10,4,4,0.475
A2D4JAIAKIO179,F,25,4,English,16,Victoria,Kathy,cookies,10,1,1,0.125
A2D4JAIAKIO179,F,25,4,English,17,Nathan,Emma,bananas,100,2,29,0.7
A2D4JAIAKIO179,F,25,4,English,18,David,Lena,cookies,10,0,0,0.125
A2D4JAIAKIO179,F,25,4,English,19,Henry,Ann,strawberries,10,7,7,0.475
A2D4JAIAKIO179,F,25,4,English,20,Robert,Edward,strawberries,100,8,80,0.7
A2D4JAIAKIO179,F,25,4,English,21,Wendy,Calvin,pies,100,8,86,0.825
A2D4JAIAKIO179,F,25,4,English,22,Jake,Olga,bananas,10,7,7,0.775
A3O88PQCFK3DTH,F,25,4,English,1,Tom,Tracy,cookies,10,9,9,0.65
A3O88PQCFK3DTH,F,25,4,English,2,Emma,Albert,pies,10,7,7,0.9
A3O88PQCFK3DTH,F,25,4,English,3,Larry,Oliver,bananas,100,3,30,0.625
A3O88PQCFK3DTH,F,25,4,English,4,Wendy,Calvin,pies,100,9,94,1
A3O88PQCFK3DTH,F,25,4,English,5,Victor,Patrick,blueberries,10,9,9,0.075
A3O88PQCFK3DTH,F,25,4,English,6,Lena,Jane,cookies,100,4,41,0.8
A3O88PQCFK3DTH,F,25,4,English,7,Frank,Edward,blueberries,100,5,59,0.2
A3O88PQCFK3DTH,F,25,4,English,8,Nathan,Nancy,strawberries,100,9,98,0.6
A3O88PQCFK3DTH,F,25,4,English,9,Fiona,Cathy,bananas,10,4,4,0.2
A3O88PQCFK3DTH,F,25,4,English,10,Iris,Henry,bananas,10,9,9,0.375
A3O88PQCFK3DTH,F,25,4,English,11,Robert,Kevin,blueberries,100,6,69,0.225
A3O88PQCFK3DTH,F,25,4,English,12,Olga,David,M&M's,10,2,2,0.05
A3O88PQCFK3DTH,F,25,4,English,13,Jake,Diana,blueberries,10,8,8,0.175
A3O88PQCFK3DTH,F,25,4,English,14,Ivan,Stephanie,strawberries,100,7,75,0.6
A3O88PQCFK3DTH,F,25,4,English,15,Kathy,Patty,bananas,10,1,1,0
A3O88PQCFK3DTH,F,25,4,English,16,Steven,Victoria,cookies,10,0,0,0.05
A3O88PQCFK3DTH,F,25,4,English,17,Bob,Zack,M&M's,100,7,73,0.375
A3O88PQCFK3DTH,F,25,4,English,18,Ann,Grace,blueberries,100,8,80,0.375
A3O88PQCFK3DTH,F,25,4,English,19,Yvonne,Rebecca,pies,100,6,66,0.675
A3O88PQCFK3DTH,F,25,4,English,20,Mary,George,pies,10,6,6,0.675
A3O88PQCFK3DTH,F,25,4,English,21,Barbara,Winston,strawberries,10,1,1,0.025
A3O88PQCFK3DTH,F,25,4,English,22,Matt,Heather,bananas,100,9,90,0.725
A3OBJRZE9UBAM,M,35,4,English,1,Lena,Albert,pies,100,3,30,0.8
A3OBJRZE9UBAM,M,35,4,English,2,Cathy,Henry,strawberries,100,4,47,0.45
A3OBJRZE9UBAM,M,35,4,English,3,Zack,Patrick,pies,10,2,2,0.575
A3OBJRZE9UBAM,M,35,4,English,4,Barbara,Calvin,bananas,100,4,44,0.925
A3OBJRZE9UBAM,M,35,4,English,5,Matt,Ann,pies,10,5,5,1
A3OBJRZE9UBAM,M,35,4,English,6,George,Bob,M&M's,10,2,2,0.175
A3OBJRZE9UBAM,M,35,4,English,7,Edward,Winston,blueberries,100,4,42,0.55
A3OBJRZE9UBAM,M,35,4,English,8,Rebecca,Emma,blueberries,100,10,100,0.8
A3OBJRZE9UBAM,M,35,4,English,9,Robert,Fiona,cookies,10,1,1,0.15
A3OBJRZE9UBAM,M,35,4,English,10,Stephanie,Kathy,bananas,100,10,100,1
A3OBJRZE9UBAM,M,35,4,English,11,David,Patty,strawberries,10,2,2,0.175
A3OBJRZE9UBAM,M,35,4,English,12,Olga,Larry,pies,100,8,85,1
A3OBJRZE9UBAM,M,35,4,English,13,Diana,Mary,strawberries,10,4,4,0.4
A3OBJRZE9UBAM,M,35,4,English,14,Steven,Frank,bananas,100,0,0,0
A3OBJRZE9UBAM,M,35,4,English,15,Grace,Nathan,bananas,100,8,80,1
A3OBJRZE9UBAM,M,35,4,English,16,Tom,Jake,M&M's,100,0,7,0.25
A3OBJRZE9UBAM,M,35,4,English,17,Jane,Heather,M&M's,10,8,8,0.7
A3OBJRZE9UBAM,M,35,4,English,18,Nancy,Iris,blueberries,10,6,6,0.3
A3OBJRZE9UBAM,M,35,4,English,19,Tracy,Wendy,M&M's,100,5,51,0.65
A3OBJRZE9UBAM,M,35,4,English,20,Kevin,Victoria,M&M's,10,0,0,0
A3OBJRZE9UBAM,M,35,4,English,21,Victor,Ivan,strawberries,100,0,4,0.175
A3OBJRZE9UBAM,M,35,4,English,22,Yvonne,Oliver,cookies,10,7,7,0.725
A1EXJK4WXF8T7T,M,35,4,English,1,Victoria,Bob,pies,10,9,9,0.5
A1EXJK4WXF8T7T,M,35,4,English,2,Edward,Patty,cookies,10,2,2,0.2
A1EXJK4WXF8T7T,M,35,4,English,3,Nathan,Patrick,pies,10,4,4,0.425
A1EXJK4WXF8T7T,M,35,4,English,4,Robert,Nancy,bananas,10,2,2,0.275
A1EXJK4WXF8T7T,M,35,4,English,5,Olga,Calvin,pies,100,10,100,1
A1EXJK4WXF8T7T,M,35,4,English,6,Frank,Iris,bananas,100,9,96,0.8
A1EXJK4WXF8T7T,M,35,4,English,7,Emma,Heather,bananas,100,5,52,0.9
A1EXJK4WXF8T7T,M,35,4,English,8,Kevin,Ann,strawberries,10,10,10,1
A1EXJK4WXF8T7T,M,35,4,English,9,George,Jane,strawberries,100,10,100,1
A1EXJK4WXF8T7T,M,35,4,English,10,Grace,Tom,pies,100,5,59,0.65
A1EXJK4WXF8T7T,M,35,4,English,11,David,Lena,bananas,10,7,7,0.75
A1EXJK4WXF8T7T,M,35,4,English,12,Barbara,Steven,strawberries,100,4,45,0.625
A1EXJK4WXF8T7T,M,35,4,English,13,Cathy,Fiona,pies,10,8,8,0.7
A1EXJK4WXF8T7T,M,35,4,English,14,Diana,Winston,M&M's,100,1,14,0.225
A1EXJK4WXF8T7T,M,35,4,English,15,Victor,Albert,bananas,100,3,37,0.6
A1EXJK4WXF8T7T,M,35,4,English,16,Matt,Wendy,blueberries,10,3,3,0.15
A1EXJK4WXF8T7T,M,35,4,English,17,Henry,Ivan,strawberries,10,8,8,0.65
A1EXJK4WXF8T7T,M,35,4,English,18,Oliver,Rebecca,M&M's,100,5,53,0.575
A1EXJK4WXF8T7T,M,35,4,English,19,Mary,Tracy,M&M's,10,10,10,0.75
A1EXJK4WXF8T7T,M,35,4,English,20,Zack,Yvonne,cookies,100,6,66,0.425
A1EXJK4WXF8T7T,M,35,4,English,21,Jake,Larry,M&M's,10,6,6,0.35
A1EXJK4WXF8T7T,M,35,4,English,22,Kathy,Stephanie,cookies,100,5,58,0.675
A142UVY0NHR97M,F,45,4,English,1,Kevin,Bob,M&M's,10,10,10,0.75
A142UVY0NHR97M,F,45,4,English,2,Tom,Grace,cookies,100,1,15,0.725
A142UVY0NHR97M,F,45,4,English,3,Henry,Cathy,cookies,10,0,0,0.25
A142UVY0NHR97M,F,45,4,English,4,Steven,Calvin,bananas,10,3,3,0.675
A142UVY0NHR97M,F,45,4,English,5,Patty,Iris,cookies,100,5,58,0.75
A142UVY0NHR97M,F,45,4,English,6,Victor,Edward,pies,10,0,0,0.225
A142UVY0NHR97M,F,45,4,English,7,Nathan,Stephanie,M&M's,10,4,4,0.25
A142UVY0NHR97M,F,45,4,English,8,Larry,Tracy,blueberries,10,2,2,0.25
A142UVY0NHR97M,F,45,4,English,9,Olga,Winston,strawberries,100,3,36,0.575
A142UVY0NHR97M,F,45,4,English,10,David,Heather,pies,100,6,66,0.75
A142UVY0NHR97M,F,45,4,English,11,Matt,Wendy,cookies,100,2,25,0.725
A142UVY0NHR97M,F,45,4,English,12,Fiona,Kathy,M&M's,100,2,25,0.625
A142UVY0NHR97M,F,45,4,English,13,Zack,George,blueberries,10,3,3,0.225
A142UVY0NHR97M,F,45,4,English,14,Oliver,Patrick,bananas,10,10,10,0.75
A142UVY0NHR97M,F,45,4,English,15,Albert,Lena,cookies,10,3,3,0.4
A142UVY0NHR97M,F,45,4,English,16,Frank,Emma,blueberries,100,3,30,0.35
A142UVY0NHR97M,F,45,4,English,17,Jake,Ann,strawberries,10,2,2,0.25
A142UVY0NHR97M,F,45,4,English,18,Yvonne,Robert,strawberries,10,1,1,0.25
A142UVY0NHR97M,F,45,4,English,19,Diana,Barbara,strawberries,100,0,2,0.25
A142UVY0NHR97M,F,45,4,English,20,Ivan,Mary,bananas,10,8,8,0.65
A142UVY0NHR97M,F,45,4,English,21,Jane,Rebecca,cookies,10,8,8,0.625
A142UVY0NHR97M,F,45,4,English,22,Nancy,Victoria,strawberries,100,5,56,0.625
A1NQWTNVPGU1ZV,M,35,4,English,1,Jane,Olga,strawberries,100,0,2,0
A1NQWTNVPGU1ZV,M,35,4,English,2,Albert,Matt,M&M's,100,1,15,0
A1NQWTNVPGU1ZV,M,35,4,English,3,Diana,Ann,bananas,100,1,13,0.5
A1NQWTNVPGU1ZV,M,35,4,English,4,Patrick,Steven,bananas,100,8,85,1
A1NQWTNVPGU1ZV,M,35,4,English,5,Victor,Tracy,cookies,100,8,80,0.95
A1NQWTNVPGU1ZV,M,35,4,English,6,Heather,Zack,pies,10,1,1,0.275
A1NQWTNVPGU1ZV,M,35,4,English,7,Nathan,Bob,strawberries,100,2,24,0.475
A1NQWTNVPGU1ZV,M,35,4,English,8,Frank,Nancy,bananas,10,2,2,0.5
A1NQWTNVPGU1ZV,M,35,4,English,9,Lena,Larry,cookies,100,5,52,0.775
A1NQWTNVPGU1ZV,M,35,4,English,10,Oliver,David,pies,100,7,79,0.925
A1NQWTNVPGU1ZV,M,35,4,English,11,Grace,Winston,blueberries,100,10,100,1
A1NQWTNVPGU1ZV,M,35,4,English,12,Kathy,Kevin,M&M's,100,7,75,0.8
A1NQWTNVPGU1ZV,M,35,4,English,13,Barbara,Rebecca,cookies,100,4,45,0.675
A1NQWTNVPGU1ZV,M,35,4,English,14,Cathy,Jake,blueberries,10,5,5,0.575
A1NQWTNVPGU1ZV,M,35,4,English,15,Edward,Stephanie,strawberries,100,1,11,0.45
A1NQWTNVPGU1ZV,M,35,4,English,16,Calvin,Mary,cookies,10,1,1,0.175
A1NQWTNVPGU1ZV,M,35,4,English,17,Robert,Emma,pies,10,4,4,0.575
A1NQWTNVPGU1ZV,M,35,4,English,18,Wendy,Iris,cookies,100,9,93,0.975
A1NQWTNVPGU1ZV,M,35,4,English,19,Tom,Ivan,cookies,10,4,4,0.525
A1NQWTNVPGU1ZV,M,35,4,English,20,Victoria,Yvonne,M&M's,10,3,3,0.55
A1NQWTNVPGU1ZV,M,35,4,English,21,George,Fiona,cookies,100,0,7,0.425
A1NQWTNVPGU1ZV,M,35,4,English,22,Henry,Patty,M&M's,10,8,8,0.825
A3PUU1XU4C1A3V,F,55,4,English,1,Matt,George,blueberries,100,8,85,0.475
A3PUU1XU4C1A3V,F,55,4,English,2,Grace,Tracy,strawberries,100,2,23,0.25
A3PUU1XU4C1A3V,F,55,4,English,3,Fiona,Oliver,strawberries,10,9,9,0.25
A3PUU1XU4C1A3V,F,55,4,English,4,Wendy,Olga,bananas,10,1,1,0.25
A3PUU1XU4C1A3V,F,55,4,English,5,Victoria,Zack,bananas,100,3,33,0.75
A3PUU1XU4C1A3V,F,55,4,English,6,Albert,Rebecca,cookies,100,4,43,0.75
A3PUU1XU4C1A3V,F,55,4,English,7,Ivan,Jane,cookies,10,9,9,0.75
A3PUU1XU4C1A3V,F,55,4,English,8,Winston,Bob,M&M's,10,4,4,0.375
A3PUU1XU4C1A3V,F,55,4,English,9,Diana,Kathy,bananas,10,8,8,0.75
A3PUU1XU4C1A3V,F,55,4,English,10,Emma,Calvin,cookies,100,7,72,0.875
A3PUU1XU4C1A3V,F,55,4,English,11,Iris,Nathan,M&M's,10,6,6,0.55
A3PUU1XU4C1A3V,F,55,4,English,12,Ann,Tom,bananas,100,5,54,0.75
A3PUU1XU4C1A3V,F,55,4,English,13,Mary,Yvonne,cookies,100,2,28,0.625
A3PUU1XU4C1A3V,F,55,4,English,14,Barbara,Stephanie,strawberries,100,4,43,0.6
A3PUU1XU4C1A3V,F,55,4,English,15,David,Victor,bananas,100,9,92,0.925
A3PUU1XU4C1A3V,F,55,4,English,16,Robert,Kevin,strawberries,100,1,15,0.125
A3PUU1XU4C1A3V,F,55,4,English,17,Edward,Cathy,blueberries,100,7,70,0.6
A3PUU1XU4C1A3V,F,55,4,English,18,Patrick,Heather,pies,10,1,1,0.375
A3PUU1XU4C1A3V,F,55,4,English,19,Larry,Frank,blueberries,10,3,3,0.25
A3PUU1XU4C1A3V,F,55,4,English,20,Lena,Nancy,pies,100,3,38,0.85
A3PUU1XU4C1A3V,F,55,4,English,21,Jake,Patty,pies,10,10,10,1
A3PUU1XU4C1A3V,F,55,4,English,22,Henry,Steven,M&M's,100,3,30,0.75
A38R7SIVV118KT,M,65,4,english,1,Cathy,Calvin,strawberries,100,10,100,1
A38R7SIVV118KT,M,65,4,english,2,Oliver,Grace,pies,100,5,51,1
A38R7SIVV118KT,M,65,4,english,3,Robert,Larry,blueberries,100,7,70,1
A38R7SIVV118KT,M,65,4,english,4,Fiona,Yvonne,strawberries,10,0,0,0
A38R7SIVV118KT,M,65,4,english,5,Matt,Stephanie,cookies,100,6,67,0.85
A38R7SIVV118KT,M,65,4,english,6,Jane,Henry,cookies,100,2,28,0.775
A38R7SIVV118KT,M,65,4,english,7,Albert,Frank,M&M's,10,0,0,0.05
A38R7SIVV118KT,M,65,4,english,8,Wendy,Kevin,strawberries,100,1,13,0.625
A38R7SIVV118KT,M,65,4,english,9,Olga,Tom,M&M's,100,10,100,1
A38R7SIVV118KT,M,65,4,english,10,Diana,Patty,M&M's,10,6,6,0.075
A38R7SIVV118KT,M,65,4,english,11,Heather,Nathan,M&M's,10,2,2,0
A38R7SIVV118KT,M,65,4,english,12,Ivan,Iris,blueberries,100,5,53,0.6
A38R7SIVV118KT,M,65,4,english,13,Winston,Ann,cookies,10,6,6,0.85
A38R7SIVV118KT,M,65,4,english,14,George,Patrick,pies,100,3,32,0.6
A38R7SIVV118KT,M,65,4,english,15,David,Rebecca,pies,100,10,100,1
A38R7SIVV118KT,M,65,4,english,16,Emma,Edward,M&M's,100,5,59,0.625
A38R7SIVV118KT,M,65,4,english,17,Victor,Victoria,blueberries,10,6,6,0
A38R7SIVV118KT,M,65,4,english,18,Jake,Tracy,strawberries,10,4,4,0
A38R7SIVV118KT,M,65,4,english,19,Steven,Bob,blueberries,10,2,2,0
A38R7SIVV118KT,M,65,4,english,20,Barbara,Nancy,M&M's,100,3,37,0.5
A38R7SIVV118KT,M,65,4,english,21,Mary,Lena,pies,10,2,2,0.575
A38R7SIVV118KT,M,65,4,english,22,Zack,Kathy,bananas,10,5,5,1
A2FKUDYC5IKBHZ,F,25,10,english,1,Albert,George,cookies,10,1,1,0.025
A2FKUDYC5IKBHZ,F,25,10,english,2,Victoria,Iris,blueberries,10,1,1,0.025
A2FKUDYC5IKBHZ,F,25,10,english,3,Matt,Robert,strawberries,100,2,20,0.25
A2FKUDYC5IKBHZ,F,25,10,english,4,Ann,Nathan,bananas,100,9,99,0.75
A2FKUDYC5IKBHZ,F,25,10,english,5,Victor,Heather,strawberries,10,9,9,0.725
A2FKUDYC5IKBHZ,F,25,10,english,6,Patrick,Ivan,strawberries,100,3,38,0.5
A2FKUDYC5IKBHZ,F,25,10,english,7,Barbara,Zack,cookies,10,10,10,0.975
A2FKUDYC5IKBHZ,F,25,10,english,8,Tom,Mary,M&M's,100,2,25,0.5
A2FKUDYC5IKBHZ,F,25,10,english,9,Diana,Patty,bananas,10,1,1,0.025
A2FKUDYC5IKBHZ,F,25,10,english,10,Fiona,Grace,pies,10,0,0,0
A2FKUDYC5IKBHZ,F,25,10,english,11,Emma,Edward,blueberries,10,10,10,0.875
A2FKUDYC5IKBHZ,F,25,10,english,12,Steven,Larry,cookies,100,0,8,0.25
A2FKUDYC5IKBHZ,F,25,10,english,13,Yvonne,Tracy,pies,10,4,4,0.25
A2FKUDYC5IKBHZ,F,25,10,english,14,Jake,Oliver,blueberries,100,2,26,0.5
A2FKUDYC5IKBHZ,F,25,10,english,15,Henry,Jane,pies,100,5,50,0.6
A2FKUDYC5IKBHZ,F,25,10,english,16,Calvin,Stephanie,pies,10,3,3,0.3
A2FKUDYC5IKBHZ,F,25,10,english,17,Rebecca,Olga,bananas,10,3,3,0.025
A2FKUDYC5IKBHZ,F,25,10,english,18,Bob,Cathy,bananas,100,5,54,0.75
A2FKUDYC5IKBHZ,F,25,10,english,19,Frank,Kathy,cookies,100,6,61,0.725
A2FKUDYC5IKBHZ,F,25,10,english,20,Wendy,Nancy,cookies,10,3,3,0.075
A2FKUDYC5IKBHZ,F,25,10,english,21,Winston,David,strawberries,10,3,3,0.275
A2FKUDYC5IKBHZ,F,25,10,english,22,Kevin,Lena,cookies,10,7,7,0.575
A1KAM5ZQ964VBE,F,65,4,English,1,Yvonne,Mary,cookies,100,9,95,0.75
A1KAM5ZQ964VBE,F,65,4,English,2,Fiona,Winston,strawberries,10,3,3,0.25
A1KAM5ZQ964VBE,F,65,4,English,3,Tom,Barbara,strawberries,10,9,9,0.9
A1KAM5ZQ964VBE,F,65,4,English,4,Heather,Matt,bananas,100,4,49,0.75
A1KAM5ZQ964VBE,F,65,4,English,5,Edward,Jake,bananas,10,10,10,1
A1KAM5ZQ964VBE,F,65,4,English,6,Tracy,Frank,blueberries,100,10,100,0.975
A1KAM5ZQ964VBE,F,65,4,English,7,Calvin,Albert,strawberries,100,6,63,0.75
A1KAM5ZQ964VBE,F,65,4,English,8,Stephanie,Patty,M&M's,100,9,92,0.85
A1KAM5ZQ964VBE,F,65,4,English,9,Nathan,Robert,M&M's,10,2,2,0.15
A1KAM5ZQ964VBE,F,65,4,English,10,Bob,George,pies,10,8,8,1
A1KAM5ZQ964VBE,F,65,4,English,11,Zack,Nancy,strawberries,100,2,23,0.5
A1KAM5ZQ964VBE,F,65,4,English,12,David,Patrick,strawberries,10,2,2,0.25
A1KAM5ZQ964VBE,F,65,4,English,13,Ann,Jane,cookies,100,10,100,0.975
A1KAM5ZQ964VBE,F,65,4,English,14,Henry,Lena,bananas,10,9,9,0.975
A1KAM5ZQ964VBE,F,65,4,English,15,Emma,Rebecca,M&M's,10,6,6,0.7
A1KAM5ZQ964VBE,F,65,4,English,16,Oliver,Kathy,cookies,10,3,3,0.325
A1KAM5ZQ964VBE,F,65,4,English,17,Diana,Ivan,M&M's,100,8,88,0.85
A1KAM5ZQ964VBE,F,65,4,English,18,Iris,Cathy,strawberries,10,8,8,0.85
A1KAM5ZQ964VBE,F,65,4,English,19,Olga,Steven,strawberries,100,9,94,0.95
A1KAM5ZQ964VBE,F,65,4,English,20,Larry,Kevin,M&M's,100,10,100,1
A1KAM5ZQ964VBE,F,65,4,English,21,Victor,Grace,M&M's,10,7,7,0.85
A1KAM5ZQ964VBE,F,65,4,English,22,Victoria,Wendy,bananas,100,10,100,0.975
A3CKD1NOQZTPHB,F,55,4,english,1,Larry,Winston,strawberries,10,2,2,0.225
A3CKD1NOQZTPHB,F,55,4,english,2,Patrick,Jake,M&M's,100,10,100,0.65
A3CKD1NOQZTPHB,F,55,4,english,3,Grace,Diana,pies,100,10,100,0.725
A3CKD1NOQZTPHB,F,55,4,english,4,Kevin,Tracy,blueberries,10,10,10,0.3
A3CKD1NOQZTPHB,F,55,4,english,5,George,Cathy,blueberries,10,4,4,0.25
A3CKD1NOQZTPHB,F,55,4,english,6,Victoria,Matt,bananas,100,3,35,0.225
A3CKD1NOQZTPHB,F,55,4,english,7,Ann,Patty,cookies,100,9,95,0.675
A3CKD1NOQZTPHB,F,55,4,english,8,Frank,Victor,pies,10,4,4,0.125
A3CKD1NOQZTPHB,F,55,4,english,9,Heather,David,strawberries,10,9,9,0.15
A3CKD1NOQZTPHB,F,55,4,english,10,Jane,Kathy,pies,100,2,20,0.275
A3CKD1NOQZTPHB,F,55,4,english,11,Edward,Barbara,pies,100,3,35,0.25
A3CKD1NOQZTPHB,F,55,4,english,12,Lena,Bob,cookies,100,0,5,0.025
A3CKD1NOQZTPHB,F,55,4,english,13,Nathan,Steven,bananas,10,0,0,0.025
A3CKD1NOQZTPHB,F,55,4,english,14,Fiona,Mary,cookies,100,2,28,0.25
A3CKD1NOQZTPHB,F,55,4,english,15,Robert,Henry,blueberries,100,1,13,0.175
A3CKD1NOQZTPHB,F,55,4,english,16,Oliver,Emma,pies,100,9,98,0.775
A3CKD1NOQZTPHB,F,55,4,english,17,Olga,Calvin,bananas,10,4,4,0.35
A3CKD1NOQZTPHB,F,55,4,english,18,Albert,Stephanie,bananas,100,1,17,0.3
A3CKD1NOQZTPHB,F,55,4,english,19,Ivan,Yvonne,M&M's,100,2,28,0.25
A3CKD1NOQZTPHB,F,55,4,english,20,Nancy,Zack,bananas,100,2,29,0.275
A3CKD1NOQZTPHB,F,55,4,english,21,Iris,Tom,bananas,10,9,9,0.625
A3CKD1NOQZTPHB,F,55,4,english,22,Rebecca,Wendy,M&M's,10,0,0,0.025
ATCP0SLRG77W9,F,45,6,English,1,Wendy,George,bananas,100,8,82,0.75
ATCP0SLRG77W9,F,45,6,English,2,Ivan,Heather,bananas,10,10,10,0.75
ATCP0SLRG77W9,F,45,6,English,3,Jane,Stephanie,M&M's,100,10,100,0.75
ATCP0SLRG77W9,F,45,6,English,4,Ann,Iris,bananas,10,7,7,0.625
ATCP0SLRG77W9,F,45,6,English,5,Patrick,Rebecca,blueberries,100,6,68,0.5
ATCP0SLRG77W9,F,45,6,English,6,Victor,Steven,cookies,100,7,74,0.85
ATCP0SLRG77W9,F,45,6,English,7,Edward,Kevin,strawberries,100,1,19,0.225
ATCP0SLRG77W9,F,45,6,English,8,Cathy,Matt,pies,10,2,2,0.625
ATCP0SLRG77W9,F,45,6,English,9,Olga,Tracy,blueberries,10,7,7,0.475
ATCP0SLRG77W9,F,45,6,English,10,Nancy,Oliver,M&M's,10,8,8,0.5
ATCP0SLRG77W9,F,45,6,English,11,Jake,Victoria,blueberries,100,7,70,0.575
ATCP0SLRG77W9,F,45,6,English,12,Nathan,Zack,pies,10,10,10,0.975
ATCP0SLRG77W9,F,45,6,English,13,David,Albert,strawberries,100,9,98,1
ATCP0SLRG77W9,F,45,6,English,14,Grace,Winston,M&M's,100,7,73,0.75
ATCP0SLRG77W9,F,45,6,English,15,Robert,Yvonne,blueberries,100,3,37,0.525
ATCP0SLRG77W9,F,45,6,English,16,Frank,Bob,pies,100,2,24,1
ATCP0SLRG77W9,F,45,6,English,17,Larry,Kathy,bananas,100,2,25,0.75
ATCP0SLRG77W9,F,45,6,English,18,Barbara,Emma,blueberries,10,10,10,0.5
ATCP0SLRG77W9,F,45,6,English,19,Henry,Tom,cookies,10,1,1,0.075
ATCP0SLRG77W9,F,45,6,English,20,Mary,Diana,pies,100,1,15,0.775
ATCP0SLRG77W9,F,45,6,English,21,Patty,Calvin,cookies,10,2,2,0.225
ATCP0SLRG77W9,F,45,6,English,22,Fiona,Lena,blueberries,100,1,12,0.1
A3I7S64UXCWVB5,F,35,6,ENGLISH,1,Ivan,Steven,strawberries,100,3,35,0.2
A3I7S64UXCWVB5,F,35,6,ENGLISH,2,Frank,Patty,blueberries,10,4,4,0
A3I7S64UXCWVB5,F,35,6,ENGLISH,3,Victoria,Fiona,cookies,100,9,90,0.75
A3I7S64UXCWVB5,F,35,6,ENGLISH,4,Zack,Jane,cookies,100,4,47,0.75
A3I7S64UXCWVB5,F,35,6,ENGLISH,5,Jake,Lena,strawberries,100,10,100,0.75
A3I7S64UXCWVB5,F,35,6,ENGLISH,6,Matt,Diana,M&M's,10,1,1,0
A3I7S64UXCWVB5,F,35,6,ENGLISH,7,Oliver,Winston,cookies,10,2,2,0
A3I7S64UXCWVB5,F,35,6,ENGLISH,8,Calvin,Larry,bananas,10,0,0,0
A3I7S64UXCWVB5,F,35,6,ENGLISH,9,Iris,Kathy,bananas,10,6,6,0.375
A3I7S64UXCWVB5,F,35,6,ENGLISH,10,Heather,Tom,pies,10,10,10,0.875
A3I7S64UXCWVB5,F,35,6,ENGLISH,11,Stephanie,Victor,M&M's,100,10,100,0.75
A3I7S64UXCWVB5,F,35,6,ENGLISH,12,Edward,Yvonne,pies,100,5,53,1
A3I7S64UXCWVB5,F,35,6,ENGLISH,13,Kevin,Barbara,pies,10,0,0,0
A3I7S64UXCWVB5,F,35,6,ENGLISH,14,Grace,Nancy,bananas,10,2,2,0.2
A3I7S64UXCWVB5,F,35,6,ENGLISH,15,Ann,David,M&M's,100,5,52,0.525
A3I7S64UXCWVB5,F,35,6,ENGLISH,16,Mary,Henry,pies,100,4,47,0.825
A3I7S64UXCWVB5,F,35,6,ENGLISH,17,Patrick,Cathy,pies,100,6,61,0.925
A3I7S64UXCWVB5,F,35,6,ENGLISH,18,Emma,Nathan,cookies,100,8,81,0.875
A3I7S64UXCWVB5,F,35,6,ENGLISH,19,Wendy,Rebecca,pies,100,1,13,0.625
A3I7S64UXCWVB5,F,35,6,ENGLISH,20,Olga,Tracy,blueberries,100,7,79,0.575
A3I7S64UXCWVB5,F,35,6,ENGLISH,21,Albert,Bob,cookies,100,0,7,0.5
A3I7S64UXCWVB5,F,35,6,ENGLISH,22,Robert,George,bananas,10,4,4,0.5
A15ARPVW8RQHP6,F,25,4,English,1,Robert,George,cookies,10,1,1,0.025
A15ARPVW8RQHP6,F,25,4,English,2,Nathan,Barbara,pies,10,8,8,0.75
A15ARPVW8RQHP6,F,25,4,English,3,Cathy,Iris,pies,10,5,5,0.775
A15ARPVW8RQHP6,F,25,4,English,4,Albert,Mary,M&M's,100,10,100,1
A15ARPVW8RQHP6,F,25,4,English,5,Stephanie,Yvonne,M&M's,10,10,10,0.375
A15ARPVW8RQHP6,F,25,4,English,6,Edward,Lena,bananas,10,4,4,0.4
A15ARPVW8RQHP6,F,25,4,English,7,Patty,Winston,strawberries,10,4,4,0.425
A15ARPVW8RQHP6,F,25,4,English,8,Rebecca,Frank,strawberries,10,3,3,0.275
A15ARPVW8RQHP6,F,25,4,English,9,Bob,Steven,blueberries,100,10,100,0.725
A15ARPVW8RQHP6,F,25,4,English,10,Grace,Ann,cookies,100,1,18,0.275
A15ARPVW8RQHP6,F,25,4,English,11,Jake,Olga,strawberries,100,0,4,0.1
A15ARPVW8RQHP6,F,25,4,English,12,Diana,Oliver,strawberries,100,3,31,0.325
A15ARPVW8RQHP6,F,25,4,English,13,Nancy,Jane,blueberries,10,8,8,0.625
A15ARPVW8RQHP6,F,25,4,English,14,Patrick,Victor,cookies,10,2,2,0.25
A15ARPVW8RQHP6,F,25,4,English,15,Tom,Ivan,pies,10,6,6,0.65
A15ARPVW8RQHP6,F,25,4,English,16,Fiona,Henry,bananas,10,5,5,0.625
A15ARPVW8RQHP6,F,25,4,English,17,David,Kathy,cookies,100,10,100,0.9
A15ARPVW8RQHP6,F,25,4,English,18,Zack,Larry,bananas,100,2,27,0.375
A15ARPVW8RQHP6,F,25,4,English,19,Matt,Calvin,strawberries,100,6,63,0.625
A15ARPVW8RQHP6,F,25,4,English,20,Emma,Kevin,strawberries,10,6,6,0.6
A15ARPVW8RQHP6,F,25,4,English,21,Victoria,Heather,cookies,100,6,61,0.775
A15ARPVW8RQHP6,F,25,4,English,22,Wendy,Tracy,blueberries,10,10,10,0.85
A3JEZR3ZUXD99S,F,35,8,english,1,Rebecca,Iris,pies,100,3,39,0.375
A3JEZR3ZUXD99S,F,35,8,english,2,Victor,Bob,bananas,100,5,59,0.3
A3JEZR3ZUXD99S,F,35,8,english,3,Grace,Cathy,bananas,10,8,8,0.425
A3JEZR3ZUXD99S,F,35,8,english,4,Stephanie,Ivan,blueberries,100,9,99,0.725
A3JEZR3ZUXD99S,F,35,8,english,5,Tom,Ann,M&M's,10,1,1,0.125
A3JEZR3ZUXD99S,F,35,8,english,6,Frank,Albert,M&M's,100,5,57,0.25
A3JEZR3ZUXD99S,F,35,8,english,7,Kathy,Patrick,strawberries,10,10,10,0.25
A3JEZR3ZUXD99S,F,35,8,english,8,Steven,Tracy,bananas,10,7,7,0.275
A3JEZR3ZUXD99S,F,35,8,english,9,Nathan,Matt,blueberries,100,6,64,0.375
A3JEZR3ZUXD99S,F,35,8,english,10,Jane,Nancy,bananas,100,6,63,0.4
A3JEZR3ZUXD99S,F,35,8,english,11,Olga,Lena,blueberries,100,4,48,0.275
A3JEZR3ZUXD99S,F,35,8,english,12,George,Kevin,strawberries,100,9,95,0.25
A3JEZR3ZUXD99S,F,35,8,english,13,Larry,Fiona,pies,100,9,90,0.65
A3JEZR3ZUXD99S,F,35,8,english,14,Henry,Calvin,bananas,100,2,28,0.25
A3JEZR3ZUXD99S,F,35,8,english,15,Barbara,Winston,cookies,10,1,1,0.075
A3JEZR3ZUXD99S,F,35,8,english,16,Oliver,Wendy,bananas,10,9,9,0.4
A3JEZR3ZUXD99S,F,35,8,english,17,Diana,David,blueberries,100,0,5,0.05
A3JEZR3ZUXD99S,F,35,8,english,18,Heather,Mary,blueberries,10,8,8,0.05
A3JEZR3ZUXD99S,F,35,8,english,19,Emma,Edward,strawberries,10,5,5,0.125
A3JEZR3ZUXD99S,F,35,8,english,20,Yvonne,Patty,M&M's,10,10,10,0.25
A3JEZR3ZUXD99S,F,35,8,english,21,Robert,Zack,pies,10,9,9,0.65
A3JEZR3ZUXD99S,F,35,8,english,22,Jake,Victoria,cookies,100,3,32,0.225
A2J843CHDXF45T,F,25,4,English,1,Jake,Mary,cookies,10,10,10,1
A2J843CHDXF45T,F,25,4,English,2,Calvin,Winston,pies,100,2,24,0.625
A2J843CHDXF45T,F,25,4,English,3,Matt,Frank,bananas,10,8,8,1
A2J843CHDXF45T,F,25,4,English,4,Wendy,Albert,cookies,10,3,3,0.25
A2J843CHDXF45T,F,25,4,English,5,Tracy,Zack,pies,10,5,5,0.75
A2J843CHDXF45T,F,25,4,English,6,David,Patrick,M&M's,10,10,10,0.975
A2J843CHDXF45T,F,25,4,English,7,Yvonne,Steven,bananas,100,6,64,0.95
A2J843CHDXF45T,F,25,4,English,8,Henry,Nathan,bananas,100,1,18,0.25
A2J843CHDXF45T,F,25,4,English,9,Jane,Oliver,pies,100,0,8,0
A2J843CHDXF45T,F,25,4,English,10,Ivan,Olga,pies,10,2,2,0.3
A2J843CHDXF45T,F,25,4,English,11,Kevin,Emma,cookies,10,9,9,1
A2J843CHDXF45T,F,25,4,English,12,Barbara,Robert,blueberries,10,7,7,0.75
A2J843CHDXF45T,F,25,4,English,13,Victor,Lena,bananas,100,2,24,0.375
A2J843CHDXF45T,F,25,4,English,14,Larry,Bob,pies,10,3,3,0.25
A2J843CHDXF45T,F,25,4,English,15,Edward,Stephanie,strawberries,100,8,81,0.925
A2J843CHDXF45T,F,25,4,English,16,Iris,Victoria,cookies,100,2,24,0.65
A2J843CHDXF45T,F,25,4,English,17,Heather,Tom,pies,10,9,9,0.975
A2J843CHDXF45T,F,25,4,English,18,Grace,Patty,strawberries,10,10,10,1
A2J843CHDXF45T,F,25,4,English,19,Ann,Kathy,pies,10,4,4,0.65
A2J843CHDXF45T,F,25,4,English,20,Nancy,Cathy,pies,100,3,32,0.65
A2J843CHDXF45T,F,25,4,English,21,Rebecca,George,cookies,10,7,7,1
A2J843CHDXF45T,F,25,4,English,22,Diana,Fiona,strawberries,100,4,47,0.75
A1VMYUHSHVGNOW,M,65,0,English,1,Jane,Olga,strawberries,100,1,11,0.25
A1VMYUHSHVGNOW,M,65,0,English,2,Zack,Iris,bananas,10,2,2,0.25
A1VMYUHSHVGNOW,M,65,0,English,3,Jake,Cathy,cookies,100,10,100,0.75
A1VMYUHSHVGNOW,M,65,0,English,4,Albert,Patty,cookies,100,1,16,0.25
A1VMYUHSHVGNOW,M,65,0,English,5,Frank,Larry,M&M's,10,4,4,0.25
A1VMYUHSHVGNOW,M,65,0,English,6,David,Mary,blueberries,10,7,7,0.25
A1VMYUHSHVGNOW,M,65,0,English,7,Robert,Ivan,bananas,100,7,79,0.75
A1VMYUHSHVGNOW,M,65,0,English,8,Winston,Matt,blueberries,10,1,1,0.25
A1VMYUHSHVGNOW,M,65,0,English,9,Steven,Nathan,pies,10,9,9,0.75
A1VMYUHSHVGNOW,M,65,0,English,10,Edward,Emma,cookies,100,7,77,0.75
A1VMYUHSHVGNOW,M,65,0,English,11,Nancy,Barbara,cookies,100,6,69,0.5
A1VMYUHSHVGNOW,M,65,0,English,12,Henry,Diana,strawberries,100,7,70,0.75
A1VMYUHSHVGNOW,M,65,0,English,13,Grace,Kathy,blueberries,10,0,0,0
A1VMYUHSHVGNOW,M,65,0,English,14,Ann,Lena,cookies,100,8,87,0.75
A1VMYUHSHVGNOW,M,65,0,English,15,Tracy,Victor,strawberries,100,3,30,0.275
A1VMYUHSHVGNOW,M,65,0,English,16,Oliver,George,bananas,10,8,8,0.75
A1VMYUHSHVGNOW,M,65,0,English,17,Yvonne,Rebecca,M&M's,100,4,46,0.25
A1VMYUHSHVGNOW,M,65,0,English,18,Tom,Fiona,strawberries,10,8,8,0.75
A1VMYUHSHVGNOW,M,65,0,English,19,Calvin,Stephanie,cookies,10,3,3,0.25
A1VMYUHSHVGNOW,M,65,0,English,20,Wendy,Patrick,M&M's,100,6,60,0.5
A1VMYUHSHVGNOW,M,65,0,English,21,Heather,Bob,cookies,10,7,7,0.5
A1VMYUHSHVGNOW,M,65,0,English,22,Victoria,Kevin,pies,100,4,48,0.75
A1EZIUCYYBXEJH,F,55,8,English,1,Mary,Frank,cookies,10,1,1,0.25
A1EZIUCYYBXEJH,F,55,8,English,2,Lena,Emma,strawberries,10,0,0,0.025
A1EZIUCYYBXEJH,F,55,8,English,3,Patty,Fiona,pies,100,9,96,1
A1EZIUCYYBXEJH,F,55,8,English,4,Victoria,Matt,cookies,100,1,12,0.75
A1EZIUCYYBXEJH,F,55,8,English,5,Albert,Larry,blueberries,10,7,7,0.75
A1EZIUCYYBXEJH,F,55,8,English,6,Grace,Diana,blueberries,10,1,1,0.25
A1EZIUCYYBXEJH,F,55,8,English,7,Kathy,Rebecca,bananas,10,2,2,0.625
A1EZIUCYYBXEJH,F,55,8,English,8,Jake,Victor,cookies,100,2,24,0.75
A1EZIUCYYBXEJH,F,55,8,English,9,Winston,Ann,cookies,100,9,93,1
A1EZIUCYYBXEJH,F,55,8,English,10,Kevin,Nancy,M&M's,10,0,0,0
A1EZIUCYYBXEJH,F,55,8,English,11,Barbara,George,blueberries,10,5,5,0.75
A1EZIUCYYBXEJH,F,55,8,English,12,Oliver,Olga,cookies,100,6,69,0.975
A1EZIUCYYBXEJH,F,55,8,English,13,Robert,Patrick,cookies,100,4,47,0.75
A1EZIUCYYBXEJH,F,55,8,English,14,Iris,Stephanie,pies,100,1,16,0.625
A1EZIUCYYBXEJH,F,55,8,English,15,Zack,Henry,strawberries,100,3,34,0.65
A1EZIUCYYBXEJH,F,55,8,English,16,Wendy,David,cookies,10,4,4,0.65
A1EZIUCYYBXEJH,F,55,8,English,17,Cathy,Tom,bananas,10,3,3,0.65
A1EZIUCYYBXEJH,F,55,8,English,18,Jane,Heather,M&M's,100,4,44,0.75
A1EZIUCYYBXEJH,F,55,8,English,19,Yvonne,Nathan,pies,100,5,52,0.75
A1EZIUCYYBXEJH,F,55,8,English,20,Calvin,Bob,bananas,100,5,56,0.775
A1EZIUCYYBXEJH,F,55,8,English,21,Steven,Edward,pies,10,0,0,0.025
A1EZIUCYYBXEJH,F,55,8,English,22,Ivan,Tracy,bananas,100,10,100,0.975
A2DUJEW76T1J8Y,M,25,6,English,1,Zack,Lena,blueberries,100,3,32,0.5
A2DUJEW76T1J8Y,M,25,6,English,2,Emma,Calvin,blueberries,100,6,62,0.55
A2DUJEW76T1J8Y,M,25,6,English,3,Cathy,Grace,blueberries,100,5,57,0.5
A2DUJEW76T1J8Y,M,25,6,English,4,Rebecca,Albert,pies,10,2,2,0.65
A2DUJEW76T1J8Y,M,25,6,English,5,Victor,Nancy,M&M's,100,4,41,0.35
A2DUJEW76T1J8Y,M,25,6,English,6,Kathy,Wendy,strawberries,100,8,85,0.4
A2DUJEW76T1J8Y,M,25,6,English,7,Patrick,Barbara,bananas,10,6,6,0.725
A2DUJEW76T1J8Y,M,25,6,English,8,Fiona,Tom,bananas,10,10,10,0.85
A2DUJEW76T1J8Y,M,25,6,English,9,Henry,Edward,M&M's,100,6,66,0.4
A2DUJEW76T1J8Y,M,25,6,English,10,Heather,Olga,M&M's,10,5,5,0.5
A2DUJEW76T1J8Y,M,25,6,English,11,Jake,Yvonne,blueberries,10,8,8,0.5
A2DUJEW76T1J8Y,M,25,6,English,12,David,Steven,bananas,100,10,100,1
A2DUJEW76T1J8Y,M,25,6,English,13,Ann,Nathan,strawberries,10,7,7,0.5
A2DUJEW76T1J8Y,M,25,6,English,14,Larry,Iris,pies,100,1,15,1
A2DUJEW76T1J8Y,M,25,6,English,15,Oliver,Bob,pies,100,4,49,1
A2DUJEW76T1J8Y,M,25,6,English,16,Jane,Mary,bananas,100,5,55,1
A2DUJEW76T1J8Y,M,25,6,English,17,Victoria,Kevin,bananas,10,9,9,1
A2DUJEW76T1J8Y,M,25,6,English,18,Robert,George,blueberries,10,0,0,0.5
A2DUJEW76T1J8Y,M,25,6,English,19,Winston,Ivan,cookies,10,10,10,0.825
A2DUJEW76T1J8Y,M,25,6,English,20,Patty,Matt,cookies,100,5,52,0.825
A2DUJEW76T1J8Y,M,25,6,English,21,Stephanie,Tracy,cookies,10,5,5,0.625
A2DUJEW76T1J8Y,M,25,6,English,22,Diana,Frank,pies,100,7,76,1
A2MKY58OO80BKM,M,17,0,english,1,Kevin,Calvin,pies,10,9,9,0.55
A2MKY58OO80BKM,M,17,0,english,2,Victoria,Fiona,M&M's,10,0,0,0.575
A2MKY58OO80BKM,M,17,0,english,3,Jake,Ann,blueberries,100,6,67,0.55
A2MKY58OO80BKM,M,17,0,english,4,Emma,Olga,bananas,100,9,93,0.55
A2MKY58OO80BKM,M,17,0,english,5,Iris,Bob,pies,100,4,45,0.55
A2MKY58OO80BKM,M,17,0,english,6,Heather,Barbara,blueberries,100,9,99,0.575
A2MKY58OO80BKM,M,17,0,english,7,Edward,Yvonne,cookies,10,10,10,0.55
A2MKY58OO80BKM,M,17,0,english,8,Nathan,Winston,cookies,100,9,96,0.6
A2MKY58OO80BKM,M,17,0,english,9,Lena,Jane,M&M's,10,10,10,0.575
A2MKY58OO80BKM,M,17,0,english,10,Zack,Tom,bananas,100,3,35,0.55
A2MKY58OO80BKM,M,17,0,english,11,Henry,Tracy,blueberries,10,10,10,0.6
A2MKY58OO80BKM,M,17,0,english,12,Oliver,Matt,cookies,10,8,8,0.55
A2MKY58OO80BKM,M,17,0,english,13,Patrick,Nancy,cookies,10,2,2,0.55
A2MKY58OO80BKM,M,17,0,english,14,Victor,George,strawberries,10,4,4,0.55
A2MKY58OO80BKM,M,17,0,english,15,Albert,David,bananas,100,1,12,0.5
A2MKY58OO80BKM,M,17,0,english,16,Mary,Steven,M&M's,10,6,6,0.5
A2MKY58OO80BKM,M,17,0,english,17,Frank,Rebecca,strawberries,100,6,65,0.5
A2MKY58OO80BKM,M,17,0,english,18,Ivan,Cathy,pies,10,8,8,0.5
A2MKY58OO80BKM,M,17,0,english,19,Stephanie,Larry,M&M's,10,7,7,0.5
A2MKY58OO80BKM,M,17,0,english,20,Wendy,Grace,bananas,10,5,5,0.5
A2MKY58OO80BKM,M,17,0,english,21,Patty,Kathy,M&M's,100,10,100,0.5
A2MKY58OO80BKM,M,17,0,english,22,Robert,Diana,cookies,10,3,3,0.5
AA0SJ3BTKZ4LC,M,35,4,English,1,Diana,Heather,bananas,10,8,8,0.8
AA0SJ3BTKZ4LC,M,35,4,English,2,Ivan,Fiona,pies,10,4,4,0.45
AA0SJ3BTKZ4LC,M,35,4,English,3,Grace,Cathy,cookies,100,2,21,0.75
AA0SJ3BTKZ4LC,M,35,4,English,4,Larry,Victoria,blueberries,100,6,68,0.275
AA0SJ3BTKZ4LC,M,35,4,English,5,David,Jane,cookies,100,5,57,0.875
AA0SJ3BTKZ4LC,M,35,4,English,6,Jake,Robert,M&M's,10,6,6,0.275
AA0SJ3BTKZ4LC,M,35,4,English,7,Frank,Tracy,cookies,10,3,3,0.275
AA0SJ3BTKZ4LC,M,35,4,English,8,Tom,Barbara,pies,10,9,9,0.925
AA0SJ3BTKZ4LC,M,35,4,English,9,Lena,Edward,bananas,100,4,45,0.45
AA0SJ3BTKZ4LC,M,35,4,English,10,Nathan,Winston,M&M's,10,1,1,0.075
AA0SJ3BTKZ4LC,M,35,4,English,11,Emma,Victor,cookies,100,1,14,0.3
AA0SJ3BTKZ4LC,M,35,4,English,12,Mary,Yvonne,blueberries,10,0,0,0.125
AA0SJ3BTKZ4LC,M,35,4,English,13,Patty,Wendy,bananas,100,10,100,0.975
AA0SJ3BTKZ4LC,M,35,4,English,14,Kathy,Kevin,pies,100,0,4,0.225
AA0SJ3BTKZ4LC,M,35,4,English,15,Calvin,Albert,pies,100,2,20,0.35
AA0SJ3BTKZ4LC,M,35,4,English,16,Henry,Nancy,pies,10,5,5,0.625
AA0SJ3BTKZ4LC,M,35,4,English,17,Oliver,Iris,bananas,10,9,9,0.85
AA0SJ3BTKZ4LC,M,35,4,English,18,Olga,George,cookies,100,9,92,0.925
AA0SJ3BTKZ4LC,M,35,4,English,19,Steven,Zack,strawberries,100,3,33,0.375
AA0SJ3BTKZ4LC,M,35,4,English,20,Rebecca,Stephanie,blueberries,10,3,3,0.175
AA0SJ3BTKZ4LC,M,35,4,English,21,Ann,Bob,pies,10,8,8,0.25
AA0SJ3BTKZ4LC,M,35,4,English,22,Patrick,Matt,strawberries,100,7,71,0.65
A11GR3YOIMXSN8,F,25,4,English ,1,Tracy,Jake,strawberries,10,1,1,0
A11GR3YOIMXSN8,F,25,4,English ,2,Calvin,Victor,strawberries,100,6,67,1
A11GR3YOIMXSN8,F,25,4,English ,3,Iris,Bob,strawberries,10,5,5,0.25
A11GR3YOIMXSN8,F,25,4,English ,4,Ivan,Henry,pies,100,9,97,1
A11GR3YOIMXSN8,F,25,4,English ,5,Wendy,Fiona,M&M's,100,1,18,0.25
A11GR3YOIMXSN8,F,25,4,English ,6,Steven,Larry,strawberries,100,5,51,0.75
A11GR3YOIMXSN8,F,25,4,English ,7,Victoria,Nancy,blueberries,10,4,4,0.25
A11GR3YOIMXSN8,F,25,4,English ,8,Stephanie,Rebecca,cookies,10,4,4,0.75
A11GR3YOIMXSN8,F,25,4,English ,9,Diana,Mary,strawberries,10,8,8,0.75
A11GR3YOIMXSN8,F,25,4,English ,10,Edward,Patrick,strawberries,10,0,0,0
A11GR3YOIMXSN8,F,25,4,English ,11,Nathan,Robert,bananas,100,9,99,0.975
A11GR3YOIMXSN8,F,25,4,English ,12,Ann,Cathy,bananas,100,1,13,0.725
A11GR3YOIMXSN8,F,25,4,English ,13,Grace,Albert,strawberries,100,4,40,0.75
A11GR3YOIMXSN8,F,25,4,English ,14,Patty,Jane,pies,10,5,5,1
A11GR3YOIMXSN8,F,25,4,English ,15,Heather,Frank,M&M's,10,1,1,0
A11GR3YOIMXSN8,F,25,4,English ,16,Kevin,Emma,pies,10,2,2,0.75
A11GR3YOIMXSN8,F,25,4,English ,17,Matt,Yvonne,pies,10,8,8,0.975
A11GR3YOIMXSN8,F,25,4,English ,18,Lena,Winston,blueberries,100,1,11,0
A11GR3YOIMXSN8,F,25,4,English ,19,Oliver,Barbara,M&M's,10,2,2,0
A11GR3YOIMXSN8,F,25,4,English ,20,David,Tom,strawberries,100,0,1,0
A11GR3YOIMXSN8,F,25,4,English ,21,George,Zack,blueberries,100,3,30,0.25
A11GR3YOIMXSN8,F,25,4,English ,22,Kathy,Olga,strawberries,10,9,9,0.8
A1L8EKZK9FFTJN,F,45,10,English,1,Patty,Tracy,pies,100,9,98,0.75
A1L8EKZK9FFTJN,F,45,10,English,2,Fiona,Steven,blueberries,10,7,7,0.725
A1L8EKZK9FFTJN,F,45,10,English,3,George,Stephanie,strawberries,100,10,100,0.725
A1L8EKZK9FFTJN,F,45,10,English,4,Ann,Nathan,M&M's,100,5,57,0.65
A1L8EKZK9FFTJN,F,45,10,English,5,Victoria,Rebecca,M&M's,10,6,6,0.275
A1L8EKZK9FFTJN,F,45,10,English,6,Jake,Wendy,bananas,100,3,38,0.3
A1L8EKZK9FFTJN,F,45,10,English,7,Jane,Yvonne,cookies,100,10,100,0.75
A1L8EKZK9FFTJN,F,45,10,English,8,Iris,Robert,M&M's,10,5,5,0.275
A1L8EKZK9FFTJN,F,45,10,English,9,Grace,Ivan,pies,10,3,3,0.625
A1L8EKZK9FFTJN,F,45,10,English,10,Patrick,Matt,bananas,10,9,9,0.775
A1L8EKZK9FFTJN,F,45,10,English,11,Bob,David,bananas,10,5,5,0.5
A1L8EKZK9FFTJN,F,45,10,English,12,Edward,Emma,cookies,10,7,7,0.6
A1L8EKZK9FFTJN,F,45,10,English,13,Calvin,Frank,M&M's,100,1,19,0.375
A1L8EKZK9FFTJN,F,45,10,English,14,Mary,Albert,cookies,10,8,8,0.625
A1L8EKZK9FFTJN,F,45,10,English,15,Nancy,Kevin,bananas,100,10,100,0.75
A1L8EKZK9FFTJN,F,45,10,English,16,Tom,Barbara,cookies,100,9,98,0.75
A1L8EKZK9FFTJN,F,45,10,English,17,Winston,Lena,pies,100,7,76,0.75
A1L8EKZK9FFTJN,F,45,10,English,18,Diana,Henry,M&M's,10,0,0,0
A1L8EKZK9FFTJN,F,45,10,English,19,Larry,Victor,strawberries,100,1,16,0.15
A1L8EKZK9FFTJN,F,45,10,English,20,Cathy,Heather,bananas,10,4,4,0.3
A1L8EKZK9FFTJN,F,45,10,English,21,Olga,Zack,blueberries,10,4,4,0.15
A1L8EKZK9FFTJN,F,45,10,English,22,Oliver,Kathy,blueberries,10,1,1,0.1
A2UKE5M4IZP49P,M,35,4,English,1,Victoria,Emma,strawberries,10,10,10,0.9
A2UKE5M4IZP49P,M,35,4,English,2,Winston,Kathy,cookies,10,2,2,0.1
A2UKE5M4IZP49P,M,35,4,English,3,Matt,Rebecca,bananas,10,5,5,0.95
A2UKE5M4IZP49P,M,35,4,English,4,Yvonne,Henry,M&M's,100,2,21,0.425
A2UKE5M4IZP49P,M,35,4,English,5,Ann,Ivan,pies,10,1,1,0.1
A2UKE5M4IZP49P,M,35,4,English,6,Nathan,Lena,bananas,10,7,7,0.975
A2UKE5M4IZP49P,M,35,4,English,7,Patty,Iris,cookies,10,0,0,0.175
A2UKE5M4IZP49P,M,35,4,English,8,Grace,Tracy,bananas,100,1,16,0.625
A2UKE5M4IZP49P,M,35,4,English,9,Nancy,David,strawberries,10,3,3,0.325
A2UKE5M4IZP49P,M,35,4,English,10,Wendy,Oliver,pies,100,3,32,0.75
A2UKE5M4IZP49P,M,35,4,English,11,Barbara,Steven,bananas,10,3,3,0.55
A2UKE5M4IZP49P,M,35,4,English,12,Heather,Cathy,M&M's,100,1,15,0.15
A2UKE5M4IZP49P,M,35,4,English,13,Olga,Albert,pies,10,2,2,0.525
A2UKE5M4IZP49P,M,35,4,English,14,Victor,George,M&M's,10,0,0,0.025
A2UKE5M4IZP49P,M,35,4,English,15,Diana,Frank,cookies,100,7,77,0.975
A2UKE5M4IZP49P,M,35,4,English,16,Tom,Bob,blueberries,10,2,2,0
A2UKE5M4IZP49P,M,35,4,English,17,Patrick,Jake,M&M's,10,6,6,0.55
A2UKE5M4IZP49P,M,35,4,English,18,Fiona,Zack,strawberries,10,9,9,1
A2UKE5M4IZP49P,M,35,4,English,19,Stephanie,Edward,strawberries,100,4,40,0.725
A2UKE5M4IZP49P,M,35,4,English,20,Kevin,Larry,blueberries,10,0,0,0.025
A2UKE5M4IZP49P,M,35,4,English,21,Robert,Mary,pies,100,4,42,1
A2UKE5M4IZP49P,M,35,4,English,22,Jane,Calvin,strawberries,10,0,0,0.025
A2V8NB70AKR1AM,M,45,6,English,1,Emma,Calvin,cookies,10,2,2,0.25
A2V8NB70AKR1AM,M,45,6,English,2,Heather,Jane,cookies,100,0,5,0.25
A2V8NB70AKR1AM,M,45,6,English,3,Rebecca,Winston,cookies,10,7,7,0.075
A2V8NB70AKR1AM,M,45,6,English,4,Bob,Nancy,cookies,10,9,9,0.15
A2V8NB70AKR1AM,M,45,6,English,5,Mary,Steven,pies,100,3,33,0.25
A2V8NB70AKR1AM,M,45,6,English,6,Matt,Nathan,strawberries,100,4,41,0.25
A2V8NB70AKR1AM,M,45,6,English,7,Stephanie,Patty,bananas,10,10,10,0.25
A2V8NB70AKR1AM,M,45,6,English,8,Fiona,Oliver,cookies,100,8,80,0.25
A2V8NB70AKR1AM,M,45,6,English,9,Wendy,Iris,bananas,10,4,4,0.275
A2V8NB70AKR1AM,M,45,6,English,10,Kathy,Kevin,blueberries,10,10,10,0.125
A2V8NB70AKR1AM,M,45,6,English,11,Ann,Robert,pies,10,2,2,0.25
A2V8NB70AKR1AM,M,45,6,English,12,Lena,George,cookies,100,7,74,0.25
A2V8NB70AKR1AM,M,45,6,English,13,Larry,Edward,bananas,100,1,17,0.325
A2V8NB70AKR1AM,M,45,6,English,14,Zack,Frank,M&M's,100,6,69,0.25
A2V8NB70AKR1AM,M,45,6,English,15,David,Grace,cookies,10,6,6,0.3
A2V8NB70AKR1AM,M,45,6,English,16,Henry,Cathy,cookies,100,1,15,0.35
A2V8NB70AKR1AM,M,45,6,English,17,Jake,Tracy,bananas,10,7,7,0.3
A2V8NB70AKR1AM,M,45,6,English,18,Victoria,Barbara,pies,100,4,42,0.275
A2V8NB70AKR1AM,M,45,6,English,19,Tom,Victor,M&M's,10,6,6,0.25
A2V8NB70AKR1AM,M,45,6,English,20,Olga,Diana,M&M's,100,3,33,0.225
A2V8NB70AKR1AM,M,45,6,English,21,Albert,Yvonne,M&M's,100,10,100,0.05
A2V8NB70AKR1AM,M,45,6,English,22,Ivan,Patrick,bananas,100,4,44,0.275
A156021XP6CYX6,F,25,4,English,1,Bob,David,M&M's,10,1,1,0
A156021XP6CYX6,F,25,4,English,2,Edward,Larry,pies,100,3,34,1
A156021XP6CYX6,F,25,4,English,3,Frank,Patty,bananas,10,8,8,1
A156021XP6CYX6,F,25,4,English,4,Kevin,Heather,pies,10,8,8,1
A156021XP6CYX6,F,25,4,English,5,Mary,Yvonne,pies,100,10,100,1
A156021XP6CYX6,F,25,4,English,6,Kathy,Henry,cookies,10,7,7,1
A156021XP6CYX6,F,25,4,English,7,Nathan,Iris,strawberries,100,0,9,0
A156021XP6CYX6,F,25,4,English,8,Diana,Ann,blueberries,100,8,82,1
A156021XP6CYX6,F,25,4,English,9,Winston,Ivan,cookies,100,1,16,0.625
A156021XP6CYX6,F,25,4,English,10,Olga,Albert,bananas,10,6,6,0.75
A156021XP6CYX6,F,25,4,English,11,George,Matt,bananas,10,0,0,0
A156021XP6CYX6,F,25,4,English,12,Tracy,Emma,bananas,10,5,5,0.275
A156021XP6CYX6,F,25,4,English,13,Steven,Stephanie,pies,10,10,10,1
A156021XP6CYX6,F,25,4,English,14,Lena,Nancy,blueberries,10,2,2,0.25
A156021XP6CYX6,F,25,4,English,15,Patrick,Robert,M&M's,100,6,66,0.75
A156021XP6CYX6,F,25,4,English,16,Victoria,Wendy,M&M's,10,0,0,0
A156021XP6CYX6,F,25,4,English,17,Jane,Zack,M&M's,100,9,90,1
A156021XP6CYX6,F,25,4,English,18,Grace,Oliver,bananas,100,6,61,0.775
A156021XP6CYX6,F,25,4,English,19,Fiona,Victor,strawberries,10,9,9,0.75
A156021XP6CYX6,F,25,4,English,20,Rebecca,Calvin,blueberries,100,3,36,0.25
A156021XP6CYX6,F,25,4,English,21,Tom,Barbara,M&M's,10,5,5,0.5
A156021XP6CYX6,F,25,4,English,22,Cathy,Jake,blueberries,100,0,5,0.025
A1THQGDTFIFTI8,M,55,6,English,1,Frank,George,strawberries,100,2,29,0.225
A1THQGDTFIFTI8,M,55,6,English,2,Grace,Mary,strawberries,100,7,70,0.275
A1THQGDTFIFTI8,M,55,6,English,3,Albert,Victoria,M&M's,10,0,0,0.25
A1THQGDTFIFTI8,M,55,6,English,4,Kathy,Ivan,blueberries,100,4,40,0.25
A1THQGDTFIFTI8,M,55,6,English,5,Nancy,Yvonne,cookies,10,3,3,0.225
A1THQGDTFIFTI8,M,55,6,English,6,Tracy,Ann,pies,10,10,10,0.75
A1THQGDTFIFTI8,M,55,6,English,7,Oliver,Steven,strawberries,100,3,34,0.25
A1THQGDTFIFTI8,M,55,6,English,8,Edward,Heather,pies,100,0,4,0.75
A1THQGDTFIFTI8,M,55,6,English,9,Wendy,Iris,cookies,100,0,4,0.2
A1THQGDTFIFTI8,M,55,6,English,10,Jane,Jake,blueberries,10,3,3,0.225
A1THQGDTFIFTI8,M,55,6,English,11,Fiona,Cathy,pies,10,5,5,0.75
A1THQGDTFIFTI8,M,55,6,English,12,Stephanie,Lena,M&M's,10,9,9,0.225
A1THQGDTFIFTI8,M,55,6,English,13,Calvin,Patty,bananas,10,7,7,0.625
A1THQGDTFIFTI8,M,55,6,English,14,Henry,Diana,pies,10,6,6,0.75
A1THQGDTFIFTI8,M,55,6,English,15,Bob,Zack,strawberries,100,0,8,0.25
A1THQGDTFIFTI8,M,55,6,English,16,Rebecca,Olga,cookies,100,8,84,0.775
A1THQGDTFIFTI8,M,55,6,English,17,Robert,Victor,bananas,10,0,0,0.275
A1THQGDTFIFTI8,M,55,6,English,18,Tom,Winston,pies,10,4,4,0.75
A1THQGDTFIFTI8,M,55,6,English,19,Barbara,Kevin,bananas,10,5,5,0.225
A1THQGDTFIFTI8,M,55,6,English,20,Nathan,Emma,M&M's,100,9,97,0.75
A1THQGDTFIFTI8,M,55,6,English,21,David,Larry,strawberries,10,10,10,0.225
A1THQGDTFIFTI8,M,55,6,English,22,Patrick,Matt,blueberries,100,2,26,0.25
A1FBD0P6GEJ2X,F,45,6,English,1,Zack,Rebecca,bananas,10,2,2,0
A1FBD0P6GEJ2X,F,45,6,English,2,Emma,Mary,M&M's,100,2,28,0.025
A1FBD0P6GEJ2X,F,45,6,English,3,Cathy,Diana,strawberries,100,3,32,0.25
A1FBD0P6GEJ2X,F,45,6,English,4,Calvin,Bob,bananas,10,6,6,0.725
A1FBD0P6GEJ2X,F,45,6,English,5,Albert,Henry,pies,100,5,56,0.975
A1FBD0P6GEJ2X,F,45,6,English,6,Steven,Ann,bananas,10,0,0,0.025
A1FBD0P6GEJ2X,F,45,6,English,7,Robert,David,blueberries,10,2,2,0.025
A1FBD0P6GEJ2X,F,45,6,English,8,Kevin,Jane,bananas,100,8,80,0.975
A1FBD0P6GEJ2X,F,45,6,English,9,Nancy,Nathan,M&M's,10,4,4,0
A1FBD0P6GEJ2X,F,45,6,English,10,Patty,Kathy,cookies,100,8,89,1
A1FBD0P6GEJ2X,F,45,6,English,11,Jake,Wendy,strawberries,100,1,14,0
A1FBD0P6GEJ2X,F,45,6,English,12,Ivan,Lena,cookies,100,0,5,0.025
A1FBD0P6GEJ2X,F,45,6,English,13,Oliver,Frank,M&M's,10,0,0,0.025
A1FBD0P6GEJ2X,F,45,6,English,14,Tom,Olga,strawberries,10,0,0,0.025
A1FBD0P6GEJ2X,F,45,6,English,15,Grace,Heather,strawberries,10,5,5,0.55
A1FBD0P6GEJ2X,F,45,6,English,16,Victoria,Larry,strawberries,10,8,8,0.975
A1FBD0P6GEJ2X,F,45,6,English,17,Yvonne,Stephanie,strawberries,100,4,46,0.95
A1FBD0P6GEJ2X,F,45,6,English,18,Tracy,Edward,cookies,10,1,1,0.025
A1FBD0P6GEJ2X,F,45,6,English,19,Patrick,Iris,bananas,100,0,6,0.825
A1FBD0P6GEJ2X,F,45,6,English,20,Winston,Matt,strawberries,10,7,7,0.7
A1FBD0P6GEJ2X,F,45,6,English,21,Victor,Fiona,blueberries,100,5,59,0.5
A1FBD0P6GEJ2X,F,45,6,English,22,George,Barbara,strawberries,100,9,91,0.975
