workerID,gender,age,income,language,condition,order,personA,personB,food,totalQuant,eatenQuant,preciseEatenQuant,quantifier,upset,annoyed,angry,disgusted,excited,happy,surprised
1,M,35,4,ENGLISH,true-some,1,Oliver,Nathan,cookies,100,8,86,some,0.775,0.775,0.45,0.775,0.25,0.2,0.65
1,M,35,4,ENGLISH,true-some,2,Yvonne,Mary,cookies,10,3,3,some,0.1,0.05,0.1,0.075,0.075,0.9,0.075
1,M,35,4,ENGLISH,true-some,3,Winston,Zack,M&M's,100,3,30,some,0.075,0.1,0.1,0.1,0.425,0.6,0.075
1,M,35,4,ENGLISH,true-all,4,Patty,Victor,blueberries,10,10,10,all,0.85,0.85,0.85,0.075,0.85,0.1,0.875
1,M,35,4,ENGLISH,hyperbolic,5,Kevin,Henry,strawberries,100,8,86,all,0.825,0.775,0.65,0.7,0.6,0.2,0.75
1,M,35,4,ENGLISH,hyperbolic,6,Stephanie,Edward,cookies,10,8,8,all,0.4,0.575,0.325,0.375,0.7,0.175,0.55
1,M,35,4,ENGLISH,true-some,7,Albert,Iris,strawberries,10,8,8,some,0.825,0.625,0.75,0.175,0.15,0.125,0.625
1,M,35,4,ENGLISH,literal-some,8,Ann,Grace,pies,10,10,10,some,0.775,0.825,0.875,0.825,0.175,0.125,0.825
1,M,35,4,ENGLISH,hyperbolic,9,Kathy,Emma,blueberries,10,3,3,all,0.35,0.275,0.425,0.25,0.575,0.375,0.6
1,M,35,4,ENGLISH,true-all,10,Steven,Rebecca,bananas,100,10,100,all,0.825,0.875,0.7,0.8,0.275,0.025,0.7
1,M,35,4,ENGLISH,literal-some,11,Calvin,Cathy,pies,100,10,100,some,0.25,0.325,0.65,0.35,0.65,0.375,0.6
1,M,35,4,ENGLISH,hyperbolic,12,Barbara,Nancy,M&M's,100,3,35,all,0.825,0.7,0.7,0.775,0.775,0.125,0.75
2,F,25,4,English,true-all,1,David,Bob,cookies,100,10,100,all,0.35,0.125,0.275,0.1,0.3,0.05,0.55
2,F,25,4,English,true-all,2,Yvonne,Frank,blueberries,10,10,10,all,0.125,0.075,0.225,0.05,0.05,0.075,0.6
2,F,25,4,English,literal-some,3,Wendy,Steven,cookies,100,10,100,some,0.325,0.175,0.5,0.15,0.2,0.025,0.075
2,F,25,4,English,true-some,4,Victoria,Jane,bananas,100,3,31,some,0.025,0.025,0.025,0.25,0.05,0.5,0.5
2,F,25,4,English,hyperbolic,5,Barbara,Diana,blueberries,10,3,3,all,0.3,0.3,0.5,0.1,0,0.025,0.075
2,F,25,4,English,hyperbolic,6,Patty,Heather,pies,10,8,8,all,0.5,0.5,0.325,0.125,0.075,0.025,0.025
2,F,25,4,English,hyperbolic,7,Ann,Oliver,strawberries,100,8,87,all,0.75,0.575,0.6,0.5,0.2,0.1,0.225
2,F,25,4,English,true-some,8,Victor,Zack,pies,100,8,88,some,0.025,0.225,0.225,0.125,0.65,0.375,0.825
2,F,25,4,English,true-some,9,Emma,Tom,M&M's,10,3,3,some,0,0,0.05,0.025,0.275,0.375,0.325
2,F,25,4,English,hyperbolic,10,Kathy,Patrick,blueberries,100,3,37,all,0.2,0.2,0.225,0.05,0.025,0.325,0.3
2,F,25,4,English,literal-some,11,Lena,Cathy,M&M's,10,10,10,some,0.5,0.5,0.5,0.5,0.025,0.05,0.15
2,F,25,4,English,true-some,12,Winston,George,M&M's,10,8,8,some,0.325,0.275,0.275,0.325,0.025,0.025,0.175
3,F,45,6,English,true-some,1,Lena,Diana,M&M's,100,3,32,some,0.625,0.85,0.65,0.3,0.2,0.15,0.65
3,F,45,6,English,true-all,2,Cathy,Heather,M&M's,10,10,10,all,0.725,0.925,0.85,0.675,0.1,0.125,0.925
3,F,45,6,English,true-all,3,Winston,Emma,cookies,100,10,100,all,0.85,0.925,0.675,0.625,0.1,0.1,0.775
3,F,45,6,English,literal-some,4,Jake,Wendy,pies,100,10,100,some,0.625,0.925,0.8,0.75,0.15,0.15,0.9
3,F,45,6,English,true-some,5,Yvonne,Kathy,bananas,10,3,3,some,0.1,0.075,0.1,0.1,0.625,0.75,0.225
3,F,45,6,English,true-some,6,Patrick,Ivan,blueberries,100,8,85,some,0.825,0.875,0.6,0.6,0.075,0.1,0.725
3,F,45,6,English,hyperbolic,7,Frank,Ann,M&M's,100,8,89,all,0.725,0.875,0.775,0.675,0.15,0.075,0.65
3,F,45,6,English,hyperbolic,8,Calvin,Edward,strawberries,10,8,8,all,0.75,0.875,0.675,0.575,0.15,0.125,0.725
3,F,45,6,English,literal-some,9,Nathan,Steven,M&M's,10,10,10,some,0.675,0.9,0.675,0.5,0.125,0.125,0.675
3,F,45,6,English,true-some,10,Nancy,Fiona,bananas,10,8,8,some,0.7,0.925,0.6,0.6,0.125,0.125,0.775
3,F,45,6,English,hyperbolic,11,David,Matt,bananas,10,3,3,all,0.625,0.625,0.55,0.625,0.1,0.125,0.65
3,F,45,6,English,hyperbolic,12,Jane,Robert,cookies,100,3,38,all,0.575,0.725,0.575,0.725,0.125,0.15,0.65
4,M,35,10,English,true-some,1,Jake,Kevin,pies,10,8,8,some,0.6,0.7,0.85,0.825,0.225,0.225,0.65
4,M,35,10,English,true-some,2,Grace,Steven,blueberries,100,8,80,some,0.825,0.85,0.9,0.625,0.25,0.2,0.725
4,M,35,10,English,true-some,3,George,Jane,blueberries,100,3,37,some,0.725,0.8,0.675,0.425,0.55,0.4,0.675
4,M,35,10,English,hyperbolic,4,Rebecca,Cathy,M&M's,10,3,3,all,0.675,0.825,0.775,0.675,0.675,0.6,0.6
4,M,35,10,English,true-all,5,Larry,Diana,strawberries,100,10,100,all,1,1,1,1,0.1,0,0.575
4,M,35,10,English,true-all,6,Barbara,Mary,strawberries,10,10,10,all,0.975,0.975,0.975,0.95,0.025,0.025,0.725
4,M,35,10,English,hyperbolic,7,Tom,David,pies,100,8,82,all,0.85,0.9,0.75,0.925,0.25,0.25,0.675
4,M,35,10,English,true-some,8,Nathan,Lena,M&M's,10,3,3,some,0.025,0.125,0.375,0.175,0.325,0.55,0.4
4,M,35,10,English,literal-some,9,Tracy,Bob,M&M's,10,10,10,some,0.975,1,0.975,0.975,0.05,0,0.675
4,M,35,10,English,literal-some,10,Yvonne,Emma,bananas,100,10,100,some,0.675,0.625,0.65,0.975,0.05,0.025,0.975
4,M,35,10,English,hyperbolic,11,Stephanie,Heather,strawberries,100,3,37,all,0.425,0.425,0.675,0.55,0.625,0.625,0.675
4,M,35,10,English,hyperbolic,12,Wendy,Ivan,bananas,10,8,8,all,0.825,0.775,0.85,0.825,0.275,0.2,0.625
5,F,25,4,english,true-some,1,Henry,Tracy,M&M's,100,3,38,some,0.125,0.225,0.225,0.125,0.575,0.75,0.175
5,F,25,4,english,literal-some,2,Cathy,Kathy,M&M's,100,10,100,some,0.275,0.7,0.175,0.175,0.275,0.275,0.8
5,F,25,4,english,true-some,3,Heather,Ivan,strawberries,10,8,8,some,0.225,0.35,0.125,0.125,0.125,0.425,0.575
5,F,25,4,english,true-all,4,Emma,David,pies,10,10,10,all,0.225,0.6,0.075,0.125,0.15,0.4,0.1
5,F,25,4,english,true-all,5,Iris,Nathan,blueberries,100,10,100,all,0.1,0.625,0.05,0.05,0.075,0.4,0.8
5,F,25,4,english,hyperbolic,6,Winston,Kevin,bananas,10,8,8,all,0.1,0.425,0.1,0.05,0.075,0.025,0.4
5,F,25,4,english,true-some,7,Jane,Steven,cookies,10,3,3,some,0.075,0.15,0.025,0.05,0.15,0.475,0.1
5,F,25,4,english,true-some,8,Patty,Diana,strawberries,100,8,89,some,0.075,0.325,0,0.025,0.225,0.25,0.75
5,F,25,4,english,hyperbolic,9,Jake,Lena,M&M's,100,8,81,all,0.075,0.325,0.025,0.075,0.075,0.275,1
5,F,25,4,english,literal-some,10,George,Nancy,strawberries,10,10,10,some,0.45,0.475,0.025,0.05,0.075,0.4,0.425
5,F,25,4,english,hyperbolic,11,Frank,Ann,cookies,10,3,3,all,0.025,0.2,0.05,0.05,0.275,0.5,0.225
5,F,25,4,english,hyperbolic,12,Olga,Mary,M&M's,100,3,38,all,0.025,0.025,0.025,0.075,0.2,0.35,0.4
6,M,35,6,english,true-some,1,Bob,Victoria,cookies,10,3,3,some,0.725,0.775,0.7,0.675,0.175,0.375,0.7
6,M,35,6,english,literal-some,2,Oliver,Matt,cookies,10,10,10,some,0.75,1,1,0.775,0.425,0.025,0.925
6,M,35,6,english,hyperbolic,3,Patty,Grace,cookies,100,3,32,all,0.975,1,1,0.975,0.55,0.025,0.775
6,M,35,6,english,hyperbolic,4,Steven,Cathy,pies,100,8,85,all,0.975,0.95,1,0.775,0.625,0.025,0.725
6,M,35,6,english,true-some,5,Yvonne,Ivan,cookies,100,3,32,some,0.35,0.8,0.275,0.275,0.625,0.2,0.65
6,M,35,6,english,true-some,6,Iris,George,blueberries,10,8,8,some,0.625,0.8,0.625,0.4,0.25,0.175,0.75
6,M,35,6,english,hyperbolic,7,Frank,Calvin,bananas,10,8,8,all,0.925,0.975,0.8,0.7,0.375,0.15,0.65
6,M,35,6,english,true-some,8,Robert,Wendy,blueberries,100,8,85,some,0.7,0.8,0.625,0.625,0.275,0.125,0.675
6,M,35,6,english,hyperbolic,9,Patrick,Henry,cookies,10,3,3,all,0.45,0.4,0.275,0.175,0.725,0.5,0.6
6,M,35,6,english,true-all,10,Ann,Stephanie,pies,100,10,100,all,0.975,1,1,1,0.4,0.025,1
6,M,35,6,english,literal-some,11,Emma,Mary,bananas,100,10,100,some,0.75,0.725,0.675,0.5,0.9,0.375,0.65
6,M,35,6,english,true-all,12,David,Tom,cookies,10,10,10,all,1,1,0.975,0.825,0.225,0.075,0.725
7,M,35,4,English,true-some,1,Tracy,Winston,M&M's,100,8,84,some,0.625,0.75,0.5,0,0,0.4,0.15
7,M,35,4,English,true-some,2,Fiona,Oliver,cookies,10,3,3,some,0,0,0,0,1,1,0.5
7,M,35,4,English,literal-some,3,Steven,Grace,M&M's,100,10,100,some,1,0.775,0.775,0.25,0,0.325,0
7,M,35,4,English,true-some,4,Patrick,Cathy,bananas,100,3,30,some,0,0,0,0,0.25,0.5,0.5
7,M,35,4,English,hyperbolic,5,Heather,Ann,cookies,100,3,38,all,0,0,0,0,1,0.775,0.4
7,M,35,4,English,hyperbolic,6,Jake,Ivan,bananas,10,8,8,all,0.225,0.2,0.15,0,0.1,0.275,0
7,M,35,4,English,true-all,7,Victor,Matt,blueberries,100,10,100,all,0.775,0.525,0.8,0.3,0,0,0.125
7,M,35,4,English,true-some,8,Frank,Iris,cookies,10,8,8,some,0.525,0.125,0.2,0,0,0.25,0.15
7,M,35,4,English,hyperbolic,9,Yvonne,Stephanie,bananas,10,3,3,all,0,0,0,0,0.7,0.7,0.25
7,M,35,4,English,true-all,10,Wendy,Patty,cookies,10,10,10,all,0.725,0.425,0.775,0.25,0,0,0
7,M,35,4,English,literal-some,11,Kathy,Nathan,M&M's,10,10,10,some,0.55,0.65,0.325,0.175,0,0,0.125
7,M,35,4,English,hyperbolic,12,Olga,Albert,bananas,100,8,89,all,0.125,0.05,0.125,0.075,0,0,0.3
8,M,25,4,ENGLISH,true-some,1,Nathan,Robert,pies,100,3,39,some,1,1,1,1,0,0,0
8,M,25,4,ENGLISH,literal-some,2,Ann,Diana,blueberries,10,10,10,some,1,1,1,1,0,0,1
8,M,25,4,ENGLISH,true-some,3,Steven,Fiona,M&M's,10,8,8,some,1,1,1,1,0,0,1
8,M,25,4,ENGLISH,true-some,4,Henry,Frank,pies,100,8,83,some,1,1,1,1,0,0,1
8,M,25,4,ENGLISH,hyperbolic,5,Tom,Yvonne,strawberries,10,8,8,all,1,1,1,1,0,0,0
8,M,25,4,ENGLISH,true-all,6,Edward,Winston,bananas,100,10,100,all,1,1,1,1,0,0,1
8,M,25,4,ENGLISH,literal-some,7,Olga,Albert,cookies,100,10,100,some,1,1,1,1,0,0.025,1
8,M,25,4,ENGLISH,true-all,8,Iris,Cathy,cookies,10,10,10,all,1,1,1,1,0,0,1
8,M,25,4,ENGLISH,hyperbolic,9,Calvin,Ivan,pies,10,3,3,all,0.35,0.35,0.475,0.475,0.05,0,0.325
8,M,25,4,ENGLISH,hyperbolic,10,Tracy,Zack,blueberries,100,3,39,all,0.3,0.4,0.325,0.4,0.1,0.1,0.175
8,M,25,4,ENGLISH,hyperbolic,11,Mary,Heather,bananas,100,8,88,all,1,1,1,1,0,0.025,1
8,M,25,4,ENGLISH,true-some,12,Grace,Wendy,pies,10,3,3,some,0.175,0.275,0.175,0.15,0.025,0.05,0.2
9,F,35,4,english,true-some,1,Nathan,Barbara,strawberries,100,8,88,some,0.425,0.675,0.5,0.575,0.5,0.3,0.825
9,F,35,4,english,true-all,2,Nancy,Kevin,cookies,100,10,100,all,0.65,0.725,0.725,0.575,0.45,0.3,0.85
9,F,35,4,english,true-some,3,Ivan,Heather,cookies,100,3,38,some,0.5,0.575,0.5,0.5,0.575,0.35,0.7
9,F,35,4,english,true-some,4,Cathy,Winston,M&M's,10,8,8,some,0.5,0.575,0.5,0.5,0.5,0.3,0.6
9,F,35,4,english,literal-some,5,Victor,Kathy,strawberries,10,10,10,some,0.6,0.625,0.5,0.5,0.5,0.3,0.575
9,F,35,4,english,true-all,6,Henry,Olga,bananas,10,10,10,all,0.6,0.6,0.6,0.5,0.5,0.325,0.55
9,F,35,4,english,hyperbolic,7,Patrick,Fiona,bananas,100,8,87,all,0.625,0.675,0.7,0.675,0.575,0.3,0.825
9,F,35,4,english,literal-some,8,Yvonne,Lena,strawberries,100,10,100,some,0.575,0.65,0.6,0.55,0.5,0.3,0.725
9,F,35,4,english,true-some,9,Stephanie,Iris,cookies,10,3,3,some,0.5,0.5,0.5,0.5,0.5,0.5,0.5
9,F,35,4,english,hyperbolic,10,Diana,Wendy,blueberries,10,3,3,all,0.55,0.625,0.575,0.575,0.575,0.325,0.625
9,F,35,4,english,hyperbolic,11,Patty,Frank,blueberries,100,3,34,all,0.575,0.625,0.575,0.6,0.5,0.5,0.625
9,F,35,4,english,hyperbolic,12,Grace,Albert,pies,10,8,8,all,0.6,0.625,0.625,0.575,0.5,0.275,0.7
10,F,45,4,english,hyperbolic,1,Cathy,Matt,blueberries,100,3,35,all,0.075,0.6,0,0.05,0.025,0.075,0.8
10,F,45,4,english,true-some,2,Yvonne,Victor,bananas,100,3,36,some,0.15,0.35,0.1,0.5,0.1,0.1,0.875
10,F,45,4,english,true-some,3,Grace,Diana,blueberries,100,8,88,some,0.325,0.7,0.125,0.5,0.125,0.125,0.75
10,F,45,4,english,hyperbolic,4,Albert,Jake,pies,10,8,8,all,0.775,0.725,0.725,0.875,0.175,0,0.875
10,F,45,4,english,literal-some,5,Oliver,Heather,blueberries,10,10,10,some,0.025,0.05,0.05,0.05,0.025,0,0.05
10,F,45,4,english,true-all,6,Kevin,Mary,pies,100,10,100,all,0.925,0.925,0.925,0.95,0.225,0.075,0.925
10,F,45,4,english,true-all,7,Zack,Iris,cookies,10,10,10,all,0.15,0.125,0.15,0.15,0.125,0.15,0.15
10,F,45,4,english,true-some,8,Nancy,Patrick,M&M's,10,8,8,some,0.025,0.075,0.05,0.1,0.05,0.075,0.1
10,F,45,4,english,true-some,9,George,Lena,pies,10,3,3,some,0.125,0.1,0.075,0.25,0.1,0.3,0.225
10,F,45,4,english,hyperbolic,10,Kathy,Ann,blueberries,10,3,3,all,0.075,0.05,0.05,0.05,0.025,0.05,0.05
10,F,45,4,english,literal-some,11,Steven,Olga,cookies,100,10,100,some,0.65,0.75,0.6,0.85,0.375,0.15,0.9
10,F,45,4,english,hyperbolic,12,Wendy,Bob,pies,100,8,85,all,0.75,0.75,0.675,0.9,0.225,0.05,0.875
11,F,55,4,English,true-some,1,Nancy,Grace,bananas,10,8,8,some,0.325,0.65,0.575,0.675,0.1,0.15,0.625
11,F,55,4,English,true-some,2,Winston,Steven,M&M's,100,8,89,some,0.45,0.675,0.4,0.575,0.35,0.125,0.375
11,F,55,4,English,hyperbolic,3,Diana,David,bananas,10,3,3,all,0.575,0.375,0.275,0.4,0.275,0.325,0.225
11,F,55,4,English,true-all,4,Fiona,Matt,M&M's,10,10,10,all,0.575,0.85,0.35,0.55,0.275,0.325,0.35
11,F,55,4,English,true-all,5,Edward,Nathan,blueberries,100,10,100,all,0.825,0.95,0.65,0.575,0.05,0.025,0.325
11,F,55,4,English,true-some,6,George,Lena,cookies,100,3,37,some,0.675,0.6,0.65,0.775,0.225,0.05,0.85
11,F,55,4,English,hyperbolic,7,Cathy,Larry,pies,10,8,8,all,0.925,0.975,0.75,0.975,0.125,0.025,0.95
11,F,55,4,English,literal-some,8,Wendy,Kevin,M&M's,10,10,10,some,0.625,0.875,0.625,0.5,0.25,0.075,0.55
11,F,55,4,English,literal-some,9,Tracy,Jake,strawberries,100,10,100,some,0.7,0.75,0.775,0.75,0.5,0.025,0.925
11,F,55,4,English,hyperbolic,10,Patrick,Albert,blueberries,100,3,32,all,0.5,0.5,0.5,0.5,0.5,0.5,0.5
11,F,55,4,English,true-some,11,Stephanie,Henry,cookies,10,3,3,some,0.3,0.25,0.375,0.375,0.35,0.6,0.35
11,F,55,4,English,hyperbolic,12,Victoria,Robert,bananas,100,8,84,all,0.45,0.575,0.575,0.625,0.25,0.25,1
12,M,25,0,english,true-some,1,Wendy,Jake,strawberries,100,3,38,some,0.65,0.75,0.6,0.725,0.375,0.55,0.825
12,M,25,0,english,true-all,2,Heather,Lena,strawberries,10,10,10,all,0.85,1,0.65,0.6,0.175,0.4,1
12,M,25,0,english,literal-some,3,Diana,Stephanie,M&M's,100,10,100,some,0.35,0.225,0.45,0.325,0.825,0.425,0.675
12,M,25,0,english,true-some,4,Tom,Patty,strawberries,10,8,8,some,0.425,0.425,0.35,0.65,0.4,0.7,0.575
12,M,25,0,english,literal-some,5,Grace,George,strawberries,10,10,10,some,0.625,0.425,0.325,0.425,0.575,0.675,0.725
12,M,25,0,english,true-all,6,Iris,Edward,strawberries,100,10,100,all,0.875,0.65,0.825,0.625,0.375,0.1,0.875
12,M,25,0,english,hyperbolic,7,Robert,Olga,cookies,10,3,3,all,0.95,0.975,0.975,0.975,0.275,0.2,0.975
12,M,25,0,english,hyperbolic,8,Jane,Albert,blueberries,10,8,8,all,0.85,0.65,0.675,0.85,0.225,0.325,0.575
12,M,25,0,english,hyperbolic,9,Steven,Yvonne,pies,100,3,31,all,0.95,0.975,0.85,0.975,0.15,0.15,0.95
12,M,25,0,english,true-some,10,Henry,Victor,M&M's,100,8,88,some,0.8,0.725,0.6,0.65,0.225,0.175,0.55
12,M,25,0,english,hyperbolic,11,Ivan,Frank,cookies,100,8,86,all,0.65,0.725,0.875,0.85,0.325,0.25,0.75
12,M,25,0,english,true-some,12,Patrick,Cathy,bananas,10,3,3,some,0.375,0.325,0.3,0.4,0.6,0.6,0.7
13,F,25,4,English,true-some,1,Emma,Heather,blueberries,10,8,8,some,0.35,0.375,0.425,0.3,0.15,0.25,0.725
13,F,25,4,English,true-all,2,Patrick,Matt,cookies,100,10,100,all,0.5,0.5,0.475,0.325,0.275,0.375,0.4
13,F,25,4,English,literal-some,3,Ann,Robert,blueberries,100,10,100,some,0.575,0.6,0.5,0.575,0.325,0.375,0.575
13,F,25,4,English,true-some,4,Rebecca,Diana,strawberries,100,8,85,some,0.5,0.475,0.5,0.5,0.575,0.5,0.5
13,F,25,4,English,hyperbolic,5,Winston,Barbara,M&M's,10,8,8,all,0.55,0.575,0.5,0.55,0.5,0.5,0.55
13,F,25,4,English,hyperbolic,6,Frank,Grace,bananas,10,3,3,all,0.2,0.1,0.2,0.1,0.35,0.325,0.225
13,F,25,4,English,hyperbolic,7,Jane,Bob,M&M's,100,8,81,all,0.5,0.5,0.55,0.5,0.425,0.425,0.5
13,F,25,4,English,true-some,8,Victoria,Victor,strawberries,10,3,3,some,0.45,0.175,0.45,0.2,0.5,0.55,0.375
13,F,25,4,English,true-all,9,Larry,Steven,strawberries,10,10,10,all,0.55,0.55,0.525,0.35,0.375,0.425,0.525
13,F,25,4,English,literal-some,10,David,Fiona,blueberries,10,10,10,some,0.55,0.55,0.575,0.575,0.55,0.425,0.4
13,F,25,4,English,true-some,11,Albert,Nancy,cookies,100,3,35,some,0.425,0.45,0.425,0.4,0.55,0.575,0.55
13,F,25,4,English,hyperbolic,12,Tracy,Tom,M&M's,100,3,31,all,0.4,0.425,0.425,0.425,0.5,0.55,0.4
14,F,35,8,english,true-some,1,Fiona,Victoria,cookies,10,3,3,some,0.725,0.725,0.75,0.6,0.225,0.3,0.425
14,F,35,8,english,true-all,2,Wendy,Larry,blueberries,100,10,100,all,1,1,0.825,0.65,0,0,0.625
14,F,35,8,english,hyperbolic,3,Bob,Rebecca,strawberries,100,3,35,all,0.625,0.775,0.6,0.5,0.3,0.3,0.2
14,F,35,8,english,true-some,4,Iris,Barbara,M&M's,100,8,86,some,0.3,0.325,0.3,0.175,0.375,0.475,0.525
14,F,35,8,english,hyperbolic,5,Patty,Lena,cookies,10,8,8,all,0.875,0.85,0.825,0.675,0.1,0.225,0.2
14,F,35,8,english,true-some,6,Cathy,Jake,bananas,100,3,36,some,0.325,0.35,0.325,0.4,0.675,0.575,0.525
14,F,35,8,english,hyperbolic,7,Heather,Jane,cookies,10,3,3,all,0.85,1,0.975,0.95,0.15,0.2,0.625
14,F,35,8,english,true-some,8,Yvonne,Stephanie,pies,10,8,8,some,0.9,0.75,0.8,0.55,0.25,0.275,0.55
14,F,35,8,english,literal-some,9,Patrick,Tom,blueberries,10,10,10,some,0.4,0.45,0.425,0.425,0.525,0.5,0.5
14,F,35,8,english,true-all,10,Kathy,Nathan,pies,10,10,10,all,1,0.95,0.75,0.925,0.3,0.25,0.275
14,F,35,8,english,literal-some,11,Tracy,George,pies,100,10,100,some,0.525,0.55,0.45,0.55,0.475,0.5,0.4
14,F,35,8,english,hyperbolic,12,Olga,Grace,blueberries,100,8,89,all,1,0.875,0.875,0.875,0.3,0.375,0.5
15,F,45,10,english,true-all,1,Stephanie,Yvonne,cookies,10,10,10,all,0.75,0.75,0.75,0.75,0.3,0.325,0.575
15,F,45,10,english,hyperbolic,2,Steven,Nathan,bananas,100,3,31,all,0.675,0.7,0.65,0.7,0.375,0.35,0.675
15,F,45,10,english,hyperbolic,3,Robert,Jane,cookies,100,8,83,all,0.6,0.625,0.6,0.625,0.425,0.35,0.725
15,F,45,10,english,hyperbolic,4,Henry,Kathy,cookies,10,8,8,all,0.55,0.6,0.55,0.6,0.4,0.4,0.7
15,F,45,10,english,true-some,5,Oliver,Patty,cookies,100,3,30,some,0.55,0.575,0.525,0.6,0.425,0.4,0.6
15,F,45,10,english,true-some,6,Jake,Diana,cookies,10,8,8,some,0.575,0.6,0.55,0.6,0.425,0.4,0.6
15,F,45,10,english,true-some,7,Cathy,Kevin,strawberries,100,8,80,some,0.55,0.7,0.6,0.575,0.375,0.35,0.65
15,F,45,10,english,literal-some,8,Mary,Lena,pies,100,10,100,some,0.775,0.8,0.825,0.875,0.275,0.25,0.8
15,F,45,10,english,literal-some,9,Heather,Emma,M&M's,10,10,10,some,0.8,0.775,0.75,0.775,0.3,0.275,0.725
15,F,45,10,english,hyperbolic,10,David,Tom,strawberries,10,3,3,all,0.1,0.15,0.1,0.175,0.425,0.425,0.225
15,F,45,10,english,true-all,11,Tracy,Victoria,M&M's,100,10,100,all,0.8,0.825,0.775,0.8,0.225,0.225,0.8
15,F,45,10,english,true-some,12,Olga,Ivan,bananas,10,3,3,some,0.1,0.15,0.1,0.1,0.475,0.5,0.325
16,F,35,8,English,hyperbolic,1,Calvin,Kathy,blueberries,10,8,8,all,0.625,0.75,0.725,0.5,0,0.125,0.725
16,F,35,8,English,true-some,2,Jane,Larry,pies,100,3,33,some,0.35,0.45,0.35,0.35,0.1,0.15,0.775
16,F,35,8,English,hyperbolic,3,Robert,Rebecca,blueberries,10,3,3,all,0.65,0.65,0.65,0.65,0,0,0.65
16,F,35,8,English,true-all,4,Emma,George,M&M's,10,10,10,all,0.775,0.775,0.775,0.675,0,0.025,0.775
16,F,35,8,English,hyperbolic,5,Tracy,Patty,blueberries,100,3,33,all,0.6,0.6,0.6,0.6,0,0,0.6
16,F,35,8,English,true-some,6,Grace,Cathy,cookies,10,8,8,some,0.6,0.725,0.65,0.6,0,0,0.6
16,F,35,8,English,hyperbolic,7,Ivan,Victoria,blueberries,100,8,81,all,0.825,0.875,0.775,0.75,0,0,0.825
16,F,35,8,English,true-some,8,Albert,Diana,bananas,10,3,3,some,0.175,0.175,0.25,0,0.025,0.3,0
16,F,35,8,English,literal-some,9,Bob,Henry,M&M's,100,10,100,some,0.65,0.625,0.625,0.5,0.075,0.1,0.7
16,F,35,8,English,true-some,10,Jake,Oliver,cookies,100,8,89,some,0.325,0.625,0.35,0.2,0.025,0.15,0.6
16,F,35,8,English,true-all,11,Yvonne,Mary,cookies,100,10,100,all,0.775,1,0.8,0.675,0,0.025,1
16,F,35,8,English,literal-some,12,Zack,Tom,cookies,10,10,10,some,0.7,0.6,0.65,0.6,0.3,0.275,0.75
17,F,35,4,English,literal-some,1,Calvin,Kathy,strawberries,100,10,100,some,1,1,1,1,0,0,1
17,F,35,4,English,true-all,2,Wendy,Tom,bananas,10,10,10,all,1,1,1,1,0,0,1
17,F,35,4,English,true-some,3,Nathan,Frank,blueberries,10,3,3,some,0.15,0.225,0.225,0.2,0.25,0.25,0.2
17,F,35,4,English,true-all,4,Olga,Oliver,M&M's,100,10,100,all,1,1,1,1,0,0,1
17,F,35,4,English,true-some,5,Matt,Robert,pies,100,3,30,some,0.475,0.475,0.475,0.5,0.375,0.375,0.5
17,F,35,4,English,hyperbolic,6,Yvonne,Mary,strawberries,100,3,34,all,1,1,1,1,0,0,1
17,F,35,4,English,hyperbolic,7,Patty,Steven,M&M's,100,8,84,all,1,1,1,1,0,0,1
17,F,35,4,English,true-some,8,Ivan,Zack,M&M's,10,8,8,some,0.525,0.575,0.575,0.575,0.25,0.225,0.525
17,F,35,4,English,true-some,9,Tracy,Iris,pies,100,8,81,some,0.575,0.6,0.575,0.575,0.2,0.275,0.55
17,F,35,4,English,hyperbolic,10,Albert,Winston,blueberries,10,8,8,all,1,1,1,1,0,0,1
17,F,35,4,English,hyperbolic,11,Ann,Edward,pies,10,3,3,all,1,1,1,1,0,0,1
17,F,35,4,English,literal-some,12,Patrick,Henry,cookies,10,10,10,some,0.55,0.6,0.55,0.575,0.3,0.3,0.55
18,F,25,4,English,hyperbolic,1,Henry,Bob,bananas,100,8,82,all,0.85,0.225,0.45,0.65,0.45,0.3,0.65
18,F,25,4,English,true-some,2,Tracy,Mary,pies,10,3,3,some,0.7,0.55,0.4,0.55,0.35,0.375,0.275
18,F,25,4,English,true-some,3,Diana,Nancy,M&M's,10,8,8,some,0.325,0.35,0.675,0.7,0.35,0.4,0.625
18,F,25,4,English,hyperbolic,4,Iris,Albert,blueberries,100,3,39,all,0.6,0.675,0.775,0.8,0.125,0.15,0.15
18,F,25,4,English,literal-some,5,Steven,Emma,bananas,100,10,100,some,1,0.975,0.975,1,0.025,0.025,0.025
18,F,25,4,English,true-all,6,Oliver,Kathy,bananas,10,10,10,all,0.975,1,0.975,0.95,0.025,0.05,0.425
18,F,25,4,English,true-all,7,Fiona,Stephanie,bananas,100,10,100,all,0.975,0.75,0.975,0.975,0.2,0.025,0.1
18,F,25,4,English,literal-some,8,Jake,Victoria,bananas,10,10,10,some,0.75,0.325,0.775,0.35,0.275,0.6,0.725
18,F,25,4,English,true-some,9,Matt,Grace,bananas,100,3,38,some,0.275,0.275,0.675,0.575,0.35,0.65,0.275
18,F,25,4,English,hyperbolic,10,Winston,Ann,M&M's,10,3,3,all,0.675,0.375,0.625,0.65,0.725,0.25,0.35
18,F,25,4,English,hyperbolic,11,Patrick,Nathan,cookies,10,8,8,all,0.275,0.75,0.75,0.625,0.275,0.3,0.225
18,F,25,4,English,true-some,12,Calvin,Cathy,blueberries,100,8,84,some,0.225,0.775,0.35,0.65,0.275,0.4,0.725
19,M,35,6,english,true-all,1,Fiona,Oliver,strawberries,10,10,10,all,0.425,0.55,0.4,0.35,0.25,0.25,0.6
19,M,35,6,english,literal-some,2,Iris,Jane,blueberries,10,10,10,some,0.4,0.5,0.3,0.225,0.225,0.225,0.45
19,M,35,6,english,true-all,3,Lena,Diana,pies,100,10,100,all,0.6,0.6,0.6,0.6,0.15,0.15,0.7
19,M,35,6,english,literal-some,4,Tom,Albert,cookies,100,10,100,some,0.625,0.65,0.675,0.55,0.175,0.15,0.725
19,M,35,6,english,hyperbolic,5,Heather,Matt,cookies,100,3,33,all,0.525,0.575,0.525,0.5,0.275,0.25,0.525
19,M,35,6,english,true-some,6,David,Zack,M&M's,10,3,3,some,0.225,0.2,0.25,0.25,0.35,0.425,0.375
19,M,35,6,english,hyperbolic,7,Barbara,Nathan,pies,10,3,3,all,0.25,0.275,0.275,0.325,0.325,0.325,0.4
19,M,35,6,english,true-some,8,Olga,Grace,blueberries,10,8,8,some,0.275,0.2,0.2,0.3,0.35,0.45,0.375
19,M,35,6,english,true-some,9,Nancy,Ann,blueberries,100,8,88,some,0.5,0.55,0.55,0.375,0.4,0.425,0.5
19,M,35,6,english,hyperbolic,10,Calvin,Victoria,blueberries,10,8,8,all,0.45,0.5,0.425,0.325,0.3,0.25,0.375
19,M,35,6,english,true-some,11,Cathy,Steven,blueberries,100,3,33,some,0.3,0.2,0.225,0.225,0.35,0.425,0.375
19,M,35,6,english,hyperbolic,12,Wendy,Patrick,M&M's,100,8,82,all,0.4,0.4,0.45,0.275,0.25,0.275,0.375
20,F,35,8,English,hyperbolic,1,Heather,Tom,strawberries,10,8,8,all,0.6,0.875,0.575,0.5,0.25,0.175,0.5
20,F,35,8,English,true-some,2,Barbara,George,M&M's,10,8,8,some,0.625,0.85,0.6,0.5,0.35,0.2,0.525
20,F,35,8,English,true-some,3,Stephanie,Mary,pies,10,3,3,some,0.5,0.5,0.5,0.5,0.5,0.5,0.5
20,F,35,8,English,hyperbolic,4,Albert,Jane,pies,10,3,3,all,0.5,0.5,0.5,0.5,0.5,0.5,0.5
20,F,35,8,English,literal-some,5,Edward,Iris,M&M's,10,10,10,some,0.575,0.825,0.55,0.5,0.275,0.2,0.575
20,F,35,8,English,true-some,6,Grace,Rebecca,M&M's,100,8,81,some,0.55,0.875,0.625,0.5,0.4,0.2,0.625
20,F,35,8,English,literal-some,7,Henry,Cathy,pies,100,10,100,some,0.675,0.875,0.7,0.5,0.425,0.2,0.7
20,F,35,8,English,hyperbolic,8,Nathan,David,blueberries,100,3,35,all,0.5,0.5,0.5,0.5,0.5,0.5,0.5
20,F,35,8,English,true-all,9,Steven,Lena,M&M's,10,10,10,all,0.75,0.85,0.625,0.5,0.325,0.2,0.55
20,F,35,8,English,true-all,10,Emma,Fiona,cookies,100,10,100,all,0.65,0.9,0.625,0.5,0.4,0.3,0.55
20,F,35,8,English,hyperbolic,11,Kevin,Larry,strawberries,100,8,88,all,0.675,0.775,0.575,0.5,0.35,0.225,0.6
20,F,35,8,English,true-some,12,Patrick,Wendy,M&M's,100,3,30,some,0.5,0.5,0.5,0.5,0.5,0.5,0.5
21,M,25,6,English,true-all,1,Cathy,Ann,strawberries,10,10,10,all,0.85,0.975,0.775,0.975,0.025,0.025,0.975
21,M,25,6,English,true-all,2,David,Grace,bananas,100,10,100,all,0.95,0.95,0.85,0.95,0.025,0,0.975
21,M,25,6,English,true-some,3,Oliver,Winston,M&M's,100,8,87,some,0.725,0.65,0.775,0.5,0,0,0.35
21,M,25,6,English,hyperbolic,4,Frank,Edward,blueberries,100,3,38,all,0.025,0.025,0.025,0.025,0.025,0,0.025
21,M,25,6,English,true-some,5,Bob,Diana,cookies,10,3,3,some,0.025,0.025,0.025,0,0,0.5,0.025
21,M,25,6,English,literal-some,6,Patty,Wendy,M&M's,100,10,100,some,0.5,0.5,0.5,0.5,0,0.025,0.5
21,M,25,6,English,hyperbolic,7,Heather,Larry,strawberries,10,8,8,all,0.975,0.95,0.875,0.95,0.025,0.025,0.95
21,M,25,6,English,true-some,8,Nathan,Olga,M&M's,10,8,8,some,0.275,0.25,0.275,0.25,0.025,0.5,0.25
21,M,25,6,English,true-some,9,Zack,Robert,strawberries,100,3,30,some,0.05,0.025,0.025,0,0.025,0.5,0.025
21,M,25,6,English,literal-some,10,Yvonne,Emma,blueberries,10,10,10,some,0.675,0.65,0.675,0.675,0.025,0.025,0.4
21,M,25,6,English,hyperbolic,11,Steven,Fiona,blueberries,100,8,85,all,0.95,0.95,0.95,0.975,0.05,0.025,0.95
21,M,25,6,English,hyperbolic,12,Albert,Lena,blueberries,10,3,3,all,0.025,0.025,0.025,0.025,0.05,0.5,0
22,F,45,8,English,true-all,1,Victor,Mary,blueberries,100,10,100,all,0.725,1,0.725,1,0,0,1
22,F,45,8,English,true-all,2,Steven,Kathy,cookies,10,10,10,all,1,1,1,1,0,0.175,1
22,F,45,8,English,hyperbolic,3,Olga,Winston,cookies,100,3,34,all,1,1,1,1,0,0,0
22,F,45,8,English,true-some,4,Ivan,David,pies,100,8,81,some,0.225,0.225,0.225,0,0.7,0.725,0
22,F,45,8,English,hyperbolic,5,Patty,Jane,blueberries,10,3,3,all,0.5,0.5,0,0.35,0.5,0.825,0.025
22,F,45,8,English,true-some,6,Diana,Robert,pies,10,3,3,some,0,0,0,0,1,0.975,0
22,F,45,8,English,literal-some,7,Victoria,Edward,M&M's,100,10,100,some,0,0,0,0,0.5,0.5,0.5
22,F,45,8,English,true-some,8,Calvin,Heather,strawberries,100,3,39,some,0,0,0,0,0.5,0.7,0
22,F,45,8,English,literal-some,9,Oliver,Zack,blueberries,10,10,10,some,0,0,0,0,0.5,0.5,0.5
22,F,45,8,English,hyperbolic,10,Emma,Nathan,bananas,10,8,8,all,0.2,0.7,0,0.875,0.05,0.225,0.5
22,F,45,8,English,hyperbolic,11,Bob,Tracy,pies,100,8,82,all,0.5,0.5,0.725,0.5,0.5,0.5,0.5
22,F,45,8,English,true-some,12,Kevin,Fiona,M&M's,10,8,8,some,0,0,0,0,0.5,0.5,0.5
23,M,25,4,English,true-all,1,Matt,Oliver,M&M's,100,10,100,all,1,1,1,1,0,0,1
23,M,25,4,English,hyperbolic,2,Patrick,Grace,strawberries,100,8,80,all,1,1,1,1,0,0,1
23,M,25,4,English,true-some,3,George,Larry,bananas,100,3,36,some,0,0,0,0,1,1,0
23,M,25,4,English,true-some,4,David,Zack,pies,10,8,8,some,1,1,1,1,0,0,1
23,M,25,4,English,true-some,5,Bob,Heather,bananas,100,8,80,some,1,1,1,1,0,0,1
23,M,25,4,English,true-some,6,Kevin,Henry,bananas,10,3,3,some,0,0,0,0,1,1,0
23,M,25,4,English,true-all,7,Rebecca,Yvonne,blueberries,10,10,10,all,1,1,1,1,0,0,1
23,M,25,4,English,literal-some,8,Tom,Stephanie,blueberries,100,10,100,some,0,0,0,0,1,1,0
23,M,25,4,English,hyperbolic,9,Cathy,Patty,cookies,100,3,38,all,1,1,1,1,0,0,1
23,M,25,4,English,literal-some,10,Ivan,Mary,M&M's,10,10,10,some,0,0,0,0,1,1,0
23,M,25,4,English,hyperbolic,11,Nathan,Robert,cookies,10,8,8,all,1,1,1,1,0,0,1
23,M,25,4,English,hyperbolic,12,Victor,Winston,M&M's,10,3,3,all,0,0,0,0,1,1,0
24,F,25,8,English,true-some,1,Stephanie,Ann,M&M's,10,8,8,some,0.725,0.6,0.65,0.675,0.525,0.375,0.725
24,F,25,8,English,true-some,2,Jake,David,blueberries,10,3,3,some,0.325,0.4,0.35,0.35,0.575,0.65,0.6
24,F,25,8,English,true-some,3,Robert,Olga,strawberries,100,3,31,some,0.4,0.4,0.325,0.4,0.55,0.6,0.6
24,F,25,8,English,true-all,4,Fiona,Kevin,M&M's,10,10,10,all,0.625,0.725,0.725,0.65,0.55,0.35,0.575
24,F,25,8,English,hyperbolic,5,Henry,Jane,M&M's,100,3,30,all,0.7,0.85,0.875,0.8,0.625,0.2,0.65
24,F,25,8,English,hyperbolic,6,Oliver,Yvonne,pies,100,8,84,all,0.675,0.825,0.775,0.875,0.675,0.35,0.775
24,F,25,8,English,true-some,7,Tracy,Bob,M&M's,100,8,80,some,0.35,0.35,0.4,0.375,0.65,0.55,0.725
24,F,25,8,English,true-all,8,Heather,Rebecca,blueberries,100,10,100,all,0.75,0.75,0.775,0.7,0.4,0.25,0.675
24,F,25,8,English,literal-some,9,Edward,Kathy,strawberries,100,10,100,some,0.45,0.5,0.45,0.425,0.55,0.5,0.825
24,F,25,8,English,literal-some,10,Patrick,Mary,blueberries,10,10,10,some,0.45,0.425,0.4,0.45,0.525,0.575,0.525
24,F,25,8,English,hyperbolic,11,Winston,Patty,bananas,10,8,8,all,0.675,0.75,0.725,0.7,0.575,0.325,0.7
24,F,25,8,English,hyperbolic,12,Albert,Calvin,blueberries,10,3,3,all,0.85,0.875,0.775,0.7,0.625,0.25,0.75
25,F,45,0,English,hyperbolic,1,Henry,Calvin,bananas,10,8,8,all,0.75,1,1,0.6,0,0,0.525
25,F,45,0,English,literal-some,2,Lena,Tom,cookies,10,10,10,some,0.45,0.225,0.375,0.125,0.525,0.75,0.525
25,F,45,0,English,true-some,3,Larry,Victoria,pies,100,3,39,some,0.4,0.375,0.625,0.25,0.65,0.6,0.525
25,F,45,0,English,hyperbolic,4,Kevin,Grace,blueberries,100,8,85,all,0.8,1,0.75,0.625,0.25,0.2,0.125
25,F,45,0,English,literal-some,5,Matt,Yvonne,cookies,100,10,100,some,0.175,0.3,0.175,0.2,0.3,0.8,0.3
25,F,45,0,English,true-some,6,Edward,Jane,pies,10,8,8,some,0.25,0.25,0.2,0.275,0.625,0.7,0.575
25,F,45,0,English,hyperbolic,7,Iris,Zack,pies,10,3,3,all,0.95,0.875,0.85,0.7,0.15,0.125,0.675
25,F,45,0,English,hyperbolic,8,Tracy,Emma,strawberries,100,3,39,all,0.8,0.725,0.8,0.75,0.8,0.15,0.6
25,F,45,0,English,true-all,9,Patrick,Victor,blueberries,10,10,10,all,0.625,0.775,0.775,0.775,0.75,0.325,0.65
25,F,45,0,English,true-some,10,Nathan,Diana,M&M's,100,8,81,some,0.275,0.2,0.3,0.2,0.475,0.775,0.35
25,F,45,0,English,true-some,11,Fiona,Jake,bananas,10,3,3,some,0.25,0.1,0.125,0.275,0.2,0.725,0.675
25,F,45,0,English,true-all,12,Ivan,Ann,blueberries,100,10,100,all,0.85,0.8,1,0.75,0.525,0.075,0.65
26,M,65,4,English,true-some,1,Robert,Zack,bananas,100,8,89,some,0.825,0.875,0.9,0.875,0.025,0.075,0.95
26,M,65,4,English,literal-some,2,Ann,Oliver,pies,10,10,10,some,1,1,1,1,0,0,1
26,M,65,4,English,hyperbolic,3,Bob,Victoria,pies,100,8,88,all,0.725,0.85,0.825,0.775,0.15,0.125,1
26,M,65,4,English,true-some,4,Winston,Victor,bananas,100,3,30,some,0.45,0.5,0.425,0.45,0.3,0.45,0.575
26,M,65,4,English,literal-some,5,David,Kevin,bananas,100,10,100,some,0.5,0.425,0.425,0.5,0.75,0.45,0.625
26,M,65,4,English,true-some,6,Edward,Larry,cookies,10,3,3,some,0.15,0.175,0.15,0.15,0.725,0.775,0.575
26,M,65,4,English,true-all,7,Ivan,Mary,cookies,100,10,100,all,0.85,0.775,0.8,0.825,0.6,0.025,0.975
26,M,65,4,English,hyperbolic,8,Barbara,Kathy,blueberries,100,3,38,all,0.925,0.925,0.925,0.875,0.6,0.075,0.775
26,M,65,4,English,true-all,9,Calvin,Emma,M&M's,10,10,10,all,0.45,0.475,0.475,0.5,0.475,0.5,0.5
26,M,65,4,English,true-some,10,Matt,Lena,cookies,10,8,8,some,0.4,0.4,0.4,0.25,0.8,0.55,0.5
26,M,65,4,English,hyperbolic,11,Nancy,Heather,pies,10,8,8,all,0.9,0.85,0.9,0.9,0.4,0.15,0.8
26,M,65,4,English,hyperbolic,12,Jane,Stephanie,M&M's,10,3,3,all,0.55,0.55,0.6,0.525,0.65,0.5,0.35
27,F,45,4,english,hyperbolic,1,Emma,Steven,blueberries,100,3,31,all,0.675,0.5,0.5,0.5,0.5,0.35,0.5
27,F,45,4,english,true-all,2,Wendy,Jane,bananas,10,10,10,all,0.75,0.75,0.5,0.675,0.5,0.225,0.5
27,F,45,4,english,literal-some,3,Victoria,Edward,cookies,10,10,10,some,0.5,0.5,0.325,0.3,0.5,0.3,0.5
27,F,45,4,english,hyperbolic,4,Bob,Victor,pies,10,3,3,all,0.5,0.5,0.425,0.5,0.5,0.3,0.5
27,F,45,4,english,true-some,5,Patty,Larry,cookies,10,3,3,some,0.25,0.275,0.3,0.225,0.325,0.5,0.5
27,F,45,4,english,true-all,6,Albert,Nancy,pies,100,10,100,all,0.5,0.625,0.65,0.5,0.5,0.3,0.65
27,F,45,4,english,hyperbolic,7,Barbara,Yvonne,strawberries,100,8,89,all,0.6,0.55,0.525,0.575,0.55,0.25,0.575
27,F,45,4,english,true-some,8,Patrick,Ann,cookies,100,8,86,some,0.575,0.575,0.425,0.4,0.55,0.375,0.55
27,F,45,4,english,true-some,9,Iris,Calvin,bananas,10,8,8,some,0.5,0.5,0.5,0.5,0.275,0.325,0.275
27,F,45,4,english,literal-some,10,Rebecca,George,M&M's,100,10,100,some,0.3,0.375,0.375,0.35,0.375,0.5,0.375
27,F,45,4,english,true-some,11,Heather,Stephanie,bananas,100,3,36,some,0.3,0.25,0.3,0.25,0.5,0.5,0.25
27,F,45,4,english,hyperbolic,12,Lena,Olga,pies,10,8,8,all,0.625,0.6,0.625,0.5,0.5,0.375,0.6
28,F,25,4,english,hyperbolic,1,Fiona,Nancy,M&M's,10,8,8,all,1,0.725,1,0.6,0,0,0
28,F,25,4,english,hyperbolic,2,Mary,Iris,pies,100,3,39,all,0,0,0,0.625,0,0,0
28,F,25,4,english,hyperbolic,3,Patrick,Jane,blueberries,10,3,3,all,0.85,0,1,0.65,0,0,0
28,F,25,4,english,true-all,4,Frank,Oliver,M&M's,100,10,100,all,0.55,0.55,0,0,0,0,0
28,F,25,4,english,hyperbolic,5,Heather,Zack,strawberries,100,8,81,all,1,0.825,1,0.775,0,0,0
28,F,25,4,english,literal-some,6,Kathy,Robert,cookies,100,10,100,some,1,1,0.975,1,0,0,0
28,F,25,4,english,true-some,7,Victoria,David,M&M's,10,8,8,some,1,0.775,1,0.75,0,0,0.7
28,F,25,4,english,true-some,8,Nathan,Edward,bananas,100,3,34,some,0.75,1,0.7,0.75,0,0,0.15
28,F,25,4,english,literal-some,9,Tom,Larry,M&M's,10,10,10,some,1,1,1,0.925,0.075,0,0
28,F,25,4,english,true-some,10,Wendy,Winston,bananas,10,3,3,some,0.575,0,0.525,0.525,0.625,0,0.675
28,F,25,4,english,true-all,11,Cathy,Calvin,bananas,10,10,10,all,1,1,1,1,0,0,0.65
28,F,25,4,english,true-some,12,Matt,Kevin,blueberries,100,8,83,some,0.375,0.15,0.375,0.4,0.6,0.375,0.575
29,F,25,4,english,true-some,1,Albert,Barbara,cookies,10,8,8,some,0.85,0.925,0.85,0.65,0.15,0.225,0.95
29,F,25,4,english,hyperbolic,2,Steven,Winston,strawberries,100,3,34,all,0.75,0.875,0.65,0.65,0.25,0.4,0.6
29,F,25,4,english,true-some,3,Iris,Victoria,M&M's,100,3,31,some,0.55,0.55,0.425,0.425,0.45,0.45,0.625
29,F,25,4,english,literal-some,4,Tracy,Oliver,cookies,10,10,10,some,0.85,0.85,0.85,0.725,0.225,0.325,0.675
29,F,25,4,english,true-some,5,Jake,Nathan,M&M's,10,3,3,some,0.35,0.45,0.45,0.35,0.45,0.575,0.525
29,F,25,4,english,true-all,6,Mary,George,pies,10,10,10,all,0.875,0.875,0.95,0.85,0.175,0.25,0.8
29,F,25,4,english,hyperbolic,7,Patty,Calvin,cookies,10,3,3,all,0.575,0.625,0.575,0.55,0.45,0.4,0.575
29,F,25,4,english,true-all,8,Stephanie,Yvonne,strawberries,100,10,100,all,0.875,0.975,0.9,0.875,0.25,0.4,0.675
29,F,25,4,english,true-some,9,Robert,Frank,strawberries,100,8,86,some,0.8,0.85,0.7,0.65,0.375,0.425,0.4
29,F,25,4,english,literal-some,10,Kathy,Kevin,pies,100,10,100,some,0.775,0.75,0.825,0.675,0.325,0.375,0.6
29,F,25,4,english,hyperbolic,11,Zack,Diana,pies,10,8,8,all,0.775,0.75,0.725,0.65,0.35,0.425,0.4
29,F,25,4,english,hyperbolic,12,Olga,Edward,blueberries,100,8,84,all,0.625,0.725,0.775,0.625,0.425,0.35,0.6
30,M,35,10,English,true-all,1,David,Mary,cookies,100,10,100,all,0.675,0.75,0.675,0.675,0.225,0.3,0.6
30,M,35,10,English,true-all,2,Lena,Kathy,bananas,10,10,10,all,0.625,0.725,0.575,0.675,0.4,0.35,0.525
30,M,35,10,English,literal-some,3,Rebecca,Nathan,M&M's,10,10,10,some,0.55,0.425,0.45,0.425,0.525,0.6,0.575
30,M,35,10,English,hyperbolic,4,Oliver,Robert,cookies,10,3,3,all,0.6,0.6,0.625,0.55,0.475,0.45,0.55
30,M,35,10,English,hyperbolic,5,Kevin,Calvin,blueberries,100,3,37,all,0.575,0.7,0.575,0.625,0.45,0.45,0.55
30,M,35,10,English,true-some,6,Bob,Ann,bananas,100,8,82,some,0.35,0.325,0.375,0.3,0.55,0.6,0.55
30,M,35,10,English,hyperbolic,7,Patty,Heather,blueberries,10,8,8,all,0.625,0.6,0.6,0.55,0.45,0.35,0.525
30,M,35,10,English,true-some,8,Zack,Ivan,strawberries,10,8,8,some,0.425,0.4,0.35,0.425,0.575,0.725,0.425
30,M,35,10,English,true-some,9,Winston,Olga,strawberries,100,3,38,some,0.325,0.375,0.4,0.325,0.525,0.65,0.5
30,M,35,10,English,hyperbolic,10,Iris,Wendy,pies,100,8,87,all,0.575,0.65,0.55,0.575,0.45,0.35,0.425
30,M,35,10,English,literal-some,11,Jane,Matt,bananas,100,10,100,some,0.275,0.375,0.375,0.4,0.55,0.7,0.6
30,M,35,10,English,true-some,12,Victoria,Victor,bananas,10,3,3,some,0.25,0.15,0.225,0.275,0.525,0.75,0.525
31,F,45,4,English,true-some,1,Kathy,Larry,M&M's,100,3,31,some,0.35,0.625,0.325,0.325,0.325,0.4,0.825
31,F,45,4,English,true-some,2,Kevin,Patrick,cookies,10,8,8,some,0.75,1,0.875,0.8,0.05,0.05,0.175
31,F,45,4,English,true-some,3,Grace,Mary,pies,10,3,3,some,0.65,0.65,0.5,0.55,0.3,0.2,0.575
31,F,45,4,English,literal-some,4,Edward,David,blueberries,100,10,100,some,0.975,1,1,1,0,0,0
31,F,45,4,English,literal-some,5,Winston,Wendy,pies,10,10,10,some,1,1,1,1,0,0,0.725
31,F,45,4,English,true-all,6,Jake,Nancy,cookies,10,10,10,all,1,1,1,1,0,0,0.725
31,F,45,4,English,true-some,7,Emma,Ivan,blueberries,100,8,84,some,0.625,0.875,0.65,0.625,0.1,0,0.6
31,F,45,4,English,hyperbolic,8,Henry,Patty,M&M's,100,3,34,all,0.55,0.725,0.6,0.525,0,0,0.6
31,F,45,4,English,hyperbolic,9,Albert,Calvin,pies,10,8,8,all,1,1,0.625,0.6,0,0,0.675
31,F,45,4,English,hyperbolic,10,Tracy,Bob,M&M's,100,8,87,all,1,1,1,1,0,0,0.575
31,F,45,4,English,true-all,11,Zack,Tom,M&M's,100,10,100,all,1,1,1,1,0,0,0.575
31,F,45,4,English,hyperbolic,12,Fiona,Lena,cookies,10,3,3,all,0.275,0.4,0.4,0.275,0.4,0.675,0.675
32,F,65,6,English,true-some,1,Edward,Mary,blueberries,10,3,3,some,0.05,0.075,0.05,0.075,0.25,0.625,0.5
32,F,65,6,English,literal-some,2,Heather,Fiona,cookies,100,10,100,some,0.825,0.85,0.625,0.9,0.15,0.175,0.9
32,F,65,6,English,true-some,3,Jane,Emma,pies,100,8,81,some,0.575,0.575,0.575,0.95,0.275,0.125,0.975
32,F,65,6,English,hyperbolic,4,Barbara,Wendy,cookies,100,8,83,all,0.6,0.9,0.8,0.825,0.375,0.15,0.9
32,F,65,6,English,true-all,5,Bob,Kevin,pies,100,10,100,all,0.925,0.775,0.75,0.95,0.125,0.125,0.925
32,F,65,6,English,true-some,6,Patrick,Oliver,strawberries,100,3,39,some,0.175,0.175,0.15,0.15,0.575,0.65,0.225
32,F,65,6,English,literal-some,7,Victor,Stephanie,bananas,10,10,10,some,0.675,0.65,0.425,0.825,0.1,0.1,0.975
32,F,65,6,English,true-all,8,Nancy,Diana,blueberries,10,10,10,all,0.1,0.1,0.125,0.1,0.1,0.1,0.1
32,F,65,6,English,hyperbolic,9,Steven,Frank,pies,10,8,8,all,0.625,0.575,0.675,0.8,0.125,0.125,0.4
32,F,65,6,English,hyperbolic,10,Winston,Victoria,bananas,10,3,3,all,0.125,0.1,0.125,0.15,0.125,0.15,0.575
32,F,65,6,English,true-some,11,Robert,Calvin,blueberries,10,8,8,some,0.075,0.075,0.075,0.1,0.075,0.05,0.05
32,F,65,6,English,hyperbolic,12,Tom,Iris,M&M's,100,3,32,all,0.1,0.1,0.1,0.1,0.1,0.075,0.15
33,M,55,4,English,true-some,1,Tom,Matt,pies,10,3,3,some,0.35,0.225,0.35,0.55,0.85,0.775,0.625
33,M,55,4,English,true-all,2,Oliver,Jake,strawberries,100,10,100,all,0.15,0.175,0.15,0.4,0.425,0.75,0.325
33,M,55,4,English,true-some,3,George,Nathan,bananas,100,3,31,some,0.55,0.325,0.575,0.325,0.425,0.7,0.225
33,M,55,4,English,true-some,4,Kevin,Olga,strawberries,10,8,8,some,0.45,0.425,0.35,0.3,0.425,0.4,0.6
33,M,55,4,English,literal-some,5,Emma,Winston,strawberries,100,10,100,some,0.4,0.25,0.3,0.225,0.325,0.4,0.4
33,M,55,4,English,hyperbolic,6,Victor,Grace,pies,10,3,3,all,0.725,0.775,0.8,0.8,0.6,0.325,0.6
33,M,55,4,English,hyperbolic,7,Diana,Frank,pies,100,8,89,all,0.825,0.8,0.825,0.75,0.625,0.275,0.7
33,M,55,4,English,true-some,8,David,Wendy,M&M's,100,8,88,some,0.575,0.525,0.55,0.55,0.4,0.45,0.375
33,M,55,4,English,literal-some,9,Tracy,Lena,bananas,10,10,10,some,0.425,0.375,0.375,0.375,0.425,0.325,0.425
33,M,55,4,English,hyperbolic,10,Ann,Patrick,blueberries,100,3,34,all,0.7,0.675,0.575,0.6,0.55,0.375,0.55
33,M,55,4,English,hyperbolic,11,Stephanie,Calvin,bananas,10,8,8,all,0.75,0.7,0.65,0.575,0.575,0.35,0.65
33,M,55,4,English,true-all,12,Yvonne,Bob,cookies,10,10,10,all,0.725,0.725,0.725,0.65,0.575,0.325,0.55
34,F,35,6,english,true-all,1,Iris,Diana,M&M's,10,10,10,all,0.7,0.6,0.625,0.625,0.175,0.15,0.625
34,F,35,6,english,true-some,2,Olga,Victoria,bananas,100,3,30,some,0.55,0.425,0.225,0.225,0.2,0.175,0.6
34,F,35,6,english,hyperbolic,3,Barbara,Steven,blueberries,100,3,33,all,0.45,0.625,0.5,0.15,0.2,0.125,0.6
34,F,35,6,english,literal-some,4,Tracy,Patrick,bananas,100,10,100,some,0.325,0.325,0.375,0.6,0.625,0.175,0.7
34,F,35,6,english,hyperbolic,5,Patty,Zack,blueberries,10,3,3,all,0.225,0.625,0.425,0.375,0.15,0.325,0.325
34,F,35,6,english,hyperbolic,6,Edward,Jane,cookies,100,8,82,all,0.625,0.4,0.5,0.425,0.15,0.15,0.55
34,F,35,6,english,true-some,7,Mary,Albert,M&M's,10,3,3,some,0.15,0.2,0.175,0.15,0.3,0.325,0.5
34,F,35,6,english,true-some,8,Oliver,Lena,bananas,10,8,8,some,0.35,0.55,0.425,0.35,0.125,0.125,0.5
34,F,35,6,english,true-some,9,Nancy,Yvonne,bananas,100,8,86,some,0.2,0.525,0.4,0.4,0.1,0.1,0.35
34,F,35,6,english,true-all,10,Wendy,Grace,pies,100,10,100,all,0.75,0.825,0.85,0.7,0.15,0.25,0.75
34,F,35,6,english,literal-some,11,David,Fiona,M&M's,10,10,10,some,0.6,0.575,0.425,0.5,0.125,0.225,0.625
34,F,35,6,english,hyperbolic,12,Larry,Cathy,M&M's,10,8,8,all,0.45,0.6,0.6,0.425,0.15,0.125,0.6
35,M,25,4,English,hyperbolic,1,Cathy,Bob,strawberries,100,8,80,all,0.675,0.725,0.7,0.65,0.275,0.225,0.7
35,M,25,4,English,true-some,2,Calvin,Steven,strawberries,10,8,8,some,0.625,0.7,0.7,0.65,0.15,0.125,0.6
35,M,25,4,English,hyperbolic,3,Winston,Oliver,pies,10,3,3,all,0.575,0.55,0.55,0.6,0.175,0.2,0.85
35,M,25,4,English,hyperbolic,4,Jane,Tom,blueberries,10,8,8,all,0.2,0.1,0.175,0.1,0.55,0.55,0.325
35,M,25,4,English,literal-some,5,Ann,Mary,strawberries,10,10,10,some,0.725,0.8,0.925,0.525,0.225,0.25,0.8
35,M,25,4,English,true-all,6,Patty,Nancy,cookies,100,10,100,all,0.925,0.925,0.925,0.9,0.2,0.075,0.9
35,M,25,4,English,literal-some,7,David,Yvonne,bananas,100,10,100,some,0.825,0.775,0.875,0.875,0.25,0.1,0.6
35,M,25,4,English,true-some,8,Rebecca,Olga,bananas,10,3,3,some,0.375,0.425,0.225,0.2,0.375,0.55,0.45
35,M,25,4,English,true-some,9,Jake,Kevin,blueberries,100,3,37,some,0.15,0.225,0.15,0.05,0.55,0.575,0.225
35,M,25,4,English,true-some,10,Albert,Zack,cookies,100,8,89,some,0.8,0.675,0.7,0.7,0.2,0.225,0.75
35,M,25,4,English,hyperbolic,11,Heather,Frank,blueberries,100,3,36,all,0.225,0.175,0.275,0.175,0.625,0.625,0.3
35,M,25,4,English,true-all,12,Victor,Henry,bananas,10,10,10,all,0.6,0.65,0.575,0.4,0.225,0.225,0.55
36,F,35,10,English,hyperbolic,1,Diana,Frank,blueberries,100,3,38,all,0.85,0.775,0.85,0.825,0.075,0.075,0.65
36,F,35,10,English,true-some,2,Ivan,Tracy,M&M's,10,3,3,some,0.025,0,0.025,0.025,0.6,0.875,0.6
36,F,35,10,English,true-some,3,Albert,Matt,pies,100,8,86,some,0.85,0.85,0.7,0.85,0.575,0,0.65
36,F,35,10,English,hyperbolic,4,Emma,Rebecca,blueberries,10,3,3,all,0.025,0.025,0,0.025,0.55,0.675,0.025
36,F,35,10,English,hyperbolic,5,George,Oliver,M&M's,100,8,88,all,0.8,0.925,0.8,0.925,0.65,0.025,0.725
36,F,35,10,English,true-some,6,Olga,Kevin,blueberries,10,8,8,some,0.875,0.85,0.9,0.95,0.825,0.15,0.875
36,F,35,10,English,literal-some,7,Calvin,Iris,cookies,10,10,10,some,0.9,0.925,0.925,0.875,0.1,0.05,0.725
36,F,35,10,English,true-all,8,Edward,Steven,bananas,100,10,100,all,1,0.975,0.975,0.975,0.7,0,0.775
36,F,35,10,English,true-all,9,Grace,Larry,bananas,10,10,10,all,0.975,1,0.975,0.975,0.625,0.025,0.8
36,F,35,10,English,hyperbolic,10,Ann,Kathy,pies,10,8,8,all,0.95,0.95,0.925,0.95,0.55,0,0.6
36,F,35,10,English,literal-some,11,Jane,Cathy,cookies,100,10,100,some,0.975,0.975,0.975,0.975,0.55,0,0.975
36,F,35,10,English,true-some,12,Jake,Wendy,blueberries,100,3,32,some,0.025,0.025,0,0.025,0.575,0.725,0.6
37,F,35,10,English,literal-some,1,Grace,Oliver,cookies,100,10,100,some,0.825,1,0.6,0.875,0.025,0.1,1
37,F,35,10,English,hyperbolic,2,Ivan,Albert,pies,100,3,31,all,0.8,1,0.775,1,0.025,0,1
37,F,35,10,English,true-some,3,Olga,Wendy,pies,10,3,3,some,0,0,0,0,0.725,0.8,0.3
37,F,35,10,English,true-some,4,Heather,Jane,bananas,100,8,81,some,0,0,0,0,0.25,0.25,0.125
37,F,35,10,English,true-all,5,Barbara,Lena,cookies,100,10,100,all,1,1,1,1,0,0,1
37,F,35,10,English,hyperbolic,6,Nathan,Tom,cookies,10,3,3,all,0.2,0.5,0.2,0.5,0,0,0.5
37,F,35,10,English,hyperbolic,7,Victoria,Winston,M&M's,100,8,82,all,0.175,0.175,0.175,0.5,0.05,0,0.5
37,F,35,10,English,true-some,8,Zack,Fiona,bananas,100,3,34,some,0,0,0.025,0.025,0.725,0.725,1
37,F,35,10,English,literal-some,9,Mary,Nancy,cookies,10,10,10,some,0.025,0,0.025,0.025,0.2,0.2,1
37,F,35,10,English,true-some,10,Rebecca,Diana,cookies,10,8,8,some,0,0,0,0,0.8,0.8,1
37,F,35,10,English,hyperbolic,11,Frank,Larry,pies,10,8,8,all,0.3,0.7,0.275,0.3,0.25,0.025,1
37,F,35,10,English,true-all,12,Cathy,Yvonne,cookies,10,10,10,all,0.825,0.825,0.625,0.75,0.1,0,1
38,F,45,4,English,literal-some,1,Barbara,Cathy,bananas,10,10,10,some,0.3,0.5,0.275,0.025,0.025,0.575,0.575
38,F,45,4,English,true-some,2,Victoria,Zack,strawberries,10,3,3,some,0.025,0.025,0,0.675,0,0.75,0.025
38,F,45,4,English,hyperbolic,3,Grace,Nathan,bananas,10,3,3,all,0.725,0.775,0.5,0.6,0.025,0.025,0.6
38,F,45,4,English,true-some,4,Fiona,Patrick,strawberries,100,3,37,some,0.025,0.025,0,0.025,0.3,0.575,0.35
38,F,45,4,English,hyperbolic,5,Ivan,Calvin,pies,100,3,31,all,0.575,0.775,0.3,0.425,0.075,0.075,0.625
38,F,45,4,English,true-some,6,Kathy,Nancy,bananas,10,8,8,some,0.225,0.625,0.15,0.15,0.15,0.15,0.4
38,F,45,4,English,hyperbolic,7,Tracy,Mary,strawberries,10,8,8,all,0.6,0.875,0.4,0.125,0.05,0.1,0.65
38,F,45,4,English,true-all,8,Henry,Victor,bananas,100,10,100,all,0.875,0.975,0.6,0.675,0.025,0,0.85
38,F,45,4,English,true-some,9,Diana,Robert,blueberries,100,8,85,some,0.45,0.5,0.225,0.35,0.275,0.1,0.65
38,F,45,4,English,literal-some,10,Winston,Heather,blueberries,100,10,100,some,0.675,0.75,0.225,0.375,0.15,0.2,0.075
38,F,45,4,English,true-all,11,Matt,Lena,blueberries,10,10,10,all,0.75,0.975,0.6,0.575,0.05,0,0.55
38,F,45,4,English,hyperbolic,12,Patty,Tom,strawberries,100,8,82,all,0.65,0.65,0.65,0.65,0.025,0.025,0.65
39,F,35,4,english,true-some,1,Emma,Kathy,strawberries,10,8,8,some,0.4,0.2,0.275,0.375,0.3,0.1,0.15
39,F,35,4,english,true-some,2,Wendy,Cathy,M&M's,100,3,32,some,0.85,0.75,0.675,0.55,0.625,0.775,0.65
39,F,35,4,english,true-all,3,Ann,Frank,pies,100,10,100,all,0.675,0.375,0.7,0.625,0.675,0.8,0.575
39,F,35,4,english,true-all,4,Calvin,Diana,strawberries,10,10,10,all,0.425,0.3,0.65,0.35,0.425,0.225,0.4
39,F,35,4,english,literal-some,5,Heather,Barbara,strawberries,100,10,100,some,0.4,0.35,0.325,0.275,0.4,0.65,0.2
39,F,35,4,english,hyperbolic,6,Matt,Edward,blueberries,10,8,8,all,0.575,0.4,0.6,0.65,0.275,0.375,0.725
39,F,35,4,english,true-some,7,Lena,Patrick,pies,10,3,3,some,0.2,0.4,0.3,0.3,0.35,0.4,0.65
39,F,35,4,english,true-some,8,Bob,Robert,pies,100,8,85,some,0.6,0.225,0.775,0.35,0.4,0.625,0.6
39,F,35,4,english,hyperbolic,9,Nathan,David,cookies,10,3,3,all,0.6,0.725,0.425,0.425,0.625,0.3,0.325
39,F,35,4,english,hyperbolic,10,Patty,Olga,blueberries,100,8,81,all,0.4,0.7,0.7,0.6,0.425,0.575,0.3
39,F,35,4,english,hyperbolic,11,Larry,Grace,bananas,100,3,31,all,0.6,0.4,0.275,0.375,0.175,0.4,0.325
39,F,35,4,english,literal-some,12,Ivan,Jake,pies,10,10,10,some,0.375,0.325,0.375,0.25,0.225,0.375,0.625
40,M,25,8,English,hyperbolic,1,Olga,Barbara,strawberries,100,8,87,all,0.725,0.775,0.6,0.65,0.15,0.075,0.8
40,M,25,8,English,true-some,2,Steven,Cathy,strawberries,10,8,8,some,0.325,0.6,0.6,0.6,0.25,0.65,0.65
40,M,25,8,English,hyperbolic,3,Ann,Nancy,blueberries,100,3,34,all,0.725,0.875,0.75,0.7,0.2,0.125,0.625
40,M,25,8,English,hyperbolic,4,Jake,Iris,strawberries,10,8,8,all,0.8,0.85,0.8,0.575,0.25,0.15,0.6
40,M,25,8,English,literal-some,5,Patrick,David,cookies,100,10,100,some,0.875,0.9,0.9,0.675,0.1,0.175,0.7
40,M,25,8,English,true-some,6,Kevin,Wendy,cookies,100,3,33,some,0.375,0.375,0.375,0.425,0.6,0.7,0.6
40,M,25,8,English,hyperbolic,7,Tom,Victoria,bananas,10,3,3,all,0.65,0.65,0.65,0.4,0.2,0.2,0.6
40,M,25,8,English,true-all,8,Nathan,Jane,blueberries,100,10,100,all,0.85,0.85,0.85,0.65,0.2,0.175,0.65
40,M,25,8,English,true-some,9,Heather,Tracy,M&M's,10,3,3,some,0.4,0.375,0.375,0.375,0.6,0.65,0.3
40,M,25,8,English,true-all,10,Kathy,Calvin,blueberries,10,10,10,all,0.775,0.825,0.8,0.6,0.3,0.325,0.65
40,M,25,8,English,literal-some,11,Winston,Rebecca,M&M's,10,10,10,some,0.7,0.7,0.8,0.55,0.15,0.15,0.575
40,M,25,8,English,true-some,12,Grace,Ivan,strawberries,100,8,83,some,0.7,0.6,0.675,0.4,0.4,0.425,0.625
